cell_id,chr10.112363099.G.A,chr11.119148573.G.T,chr11.32417945.T.C,chr17.29508775.G.A,chr17.29552261.C.T,chr17.29559932.C.A,chr17.29562734.C.A,chr17.58740288.C.G,chr18.42532606.G.A,chr2.25463483.G.A,chr2.25469502.C.T,chr20.31024274.T.C,chr21.36421036.T.C,chr21.44514809.G.A,chr3.128200806.G.A,chr4.106156983.G.A,chr4.106158216.G.A,chr4.106190862.T.C,chr4.55599436.T.C
c1,5,73,52,12,17,22,1,1,44,0,0,30,25,31,0,0,2,3,34
c2,4,96,67,22,1,70,2,0,68,0,0,55,55,49,0,0,18,1,116
c3,39,92,98,11,18,96,2,0,53,0,0,2,85,134,0,1,107,0,73
c4,56,60,88,58,36,153,13,0,90,0,0,68,34,0,0,2,39,10,62
c5,13,166,0,6,1,220,23,150,0,73,17,0,65,3,37,25,59,9,0
c6,43,125,4,9,1,254,2,22,2,69,12,0,85,1,0,42,62,6,0
c7,54,72,107,40,25,188,10,0,93,0,0,71,146,0,0,0,37,2,58
c8,49,388,1,8,1,408,17,208,0,45,92,1,185,1,21,111,174,32,2
c9,0,1,204,52,28,0,3,0,0,0,0,0,118,104,0,0,1,0,0
c10,13,20,101,53,39,62,8,0,55,0,0,24,64,3,0,2,85,8,71
c11,31,139,2,2,0,149,4,42,0,4,24,0,41,5,1,57,109,14,0
c12,132,434,4,20,0,572,21,380,3,116,19,0,162,1,0,139,336,74,2
c13,61,224,4,6,1,400,6,182,0,106,23,0,83,2,2,102,194,7,1
c14,0,42,1,0,3,95,2,27,1,10,8,0,3,2,9,22,51,11,0
c15,28,75,146,21,16,43,0,1,58,0,0,71,69,181,1,1,54,14,230
c16,21,112,0,4,0,172,1,76,1,0,0,0,28,0,0,44,55,41,0
c17,12,16,14,43,26,72,2,0,38,0,0,46,50,34,0,2,20,1,19
c18,29,120,1,2,0,165,14,68,0,0,0,0,38,0,29,65,70,25,1
c19,7,107,2,4,0,104,2,69,1,18,2,0,16,2,0,55,171,15,0
c20,36,100,65,17,4,21,1,0,41,0,0,55,109,11,0,0,20,4,95
c21,12,183,0,2,3,220,6,143,1,24,9,0,34,4,0,27,109,30,1
c22,26,287,1,10,1,352,11,88,1,65,14,1,143,4,0,110,168,248,1
c23,34,93,144,38,32,22,4,2,58,0,0,64,84,92,0,0,23,3,118
c24,44,216,1,7,0,0,15,289,1,36,19,1,48,0,18,59,285,15,1
c25,27,29,64,16,24,61,11,1,29,0,0,41,127,51,0,0,40,26,129
c26,56,250,94,15,6,249,3,137,59,29,10,62,125,30,74,19,179,88,27
c27,20,100,0,2,0,148,24,73,0,58,29,0,49,0,22,54,79,16,1
c28,44,177,116,53,43,155,39,2,60,0,0,266,233,3,0,0,99,42,292
c29,30,6,120,11,13,60,6,0,28,0,0,97,91,3,0,1,41,10,133
c30,29,222,0,4,2,253,8,105,0,9,7,0,24,3,0,68,32,18,1
c31,1,4,104,15,7,41,7,0,0,0,0,16,25,87,0,1,40,8,69
c32,16,72,118,17,6,86,3,0,54,0,0,45,37,73,1,0,53,25,40
c33,49,71,95,87,34,285,21,1,156,0,0,55,109,137,2,2,29,9,312
c34,29,222,1,8,0,151,5,284,2,27,8,0,53,1,0,50,117,9,0
c35,46,140,1,4,1,110,5,145,3,73,4,1,30,1,0,55,164,7,0
c36,1,62,0,3,1,61,3,72,1,9,11,0,11,0,22,20,59,43,0
c37,10,70,1,1,0,155,5,54,1,7,8,2,20,1,7,42,90,25,0
c38,30,147,0,6,0,123,8,2,0,6,20,0,92,0,29,22,73,3,0
c39,0,29,57,21,9,78,10,1,53,0,0,18,54,130,0,1,115,13,8
c40,30,58,0,2,0,0,5,37,0,37,4,0,21,0,0,33,109,1,0
c41,30,106,52,20,47,72,1,3,89,0,0,11,60,60,0,1,24,3,250
c42,67,135,1,3,0,82,14,146,0,49,30,1,55,0,2,49,5,22,2
c43,49,269,2,8,1,423,6,101,4,21,5,0,68,4,1,87,225,117,0
c44,9,65,79,14,63,21,1,0,41,0,0,33,66,83,0,0,109,5,66
c45,47,145,0,2,1,279,3,117,0,18,14,0,28,5,10,25,126,62,1
c46,16,83,1,8,0,43,0,74,2,60,2,2,37,0,15,47,52,8,0
c47,0,29,1,41,0,1,0,1,0,22,17,90,104,0,6,3,0,0,126
c48,6,41,41,21,10,27,1,0,71,0,0,23,53,29,0,1,10,2,34
c49,20,114,104,85,12,309,20,0,123,0,0,137,146,228,1,2,95,21,122
c50,38,35,95,11,15,27,15,0,18,0,0,51,71,92,0,0,51,3,109
c51,8,23,93,14,43,64,5,0,52,0,0,53,94,1,0,0,73,3,73
c52,5,210,2,7,1,212,1,74,0,0,0,0,75,0,0,105,104,26,0
c53,67,285,1,11,1,212,7,222,4,2,2,0,123,0,0,70,53,106,1
c54,54,193,0,17,0,334,9,190,0,70,18,0,56,2,91,38,26,52,0
c55,5,299,0,10,0,118,3,209,2,17,28,1,86,0,0,115,34,59,0
c56,29,93,237,34,125,163,5,2,96,0,0,171,176,68,1,1,116,33,173
c57,9,54,164,21,55,84,2,0,71,0,1,117,140,243,0,1,78,77,41
c58,11,158,3,8,5,164,36,159,0,33,31,1,39,21,4,85,178,20,2
c59,22,44,13,58,4,70,1,2,54,0,0,60,63,86,0,1,70,4,28
c60,68,320,5,20,0,400,13,320,1,108,94,0,109,2,31,157,219,58,1
c61,10,286,1,11,0,40,10,105,3,60,21,1,51,0,3,96,244,22,1
c62,11,143,116,30,33,99,5,1,55,0,0,113,105,159,1,3,15,26,130
c63,9,119,162,0,8,72,2,0,75,0,0,87,112,124,0,0,119,8,69
c64,8,120,122,71,22,153,3,0,62,0,0,29,40,91,0,1,25,11,224
c65,1,32,95,19,10,227,29,0,88,0,0,49,84,186,1,4,8,26,30
c66,40,336,0,8,1,408,16,201,3,55,27,0,100,2,51,47,113,13,0
c67,7,30,0,1,0,129,2,37,0,12,1,0,20,1,6,11,18,9,0
c68,69,116,145,29,23,318,2,0,83,0,0,114,141,148,2,1,131,31,78
c69,26,189,1,1,0,126,85,85,0,0,0,0,44,0,2,69,112,1,0
c70,61,157,48,37,21,191,26,1,152,1,0,116,149,168,0,2,4,10,120
c71,7,147,5,17,46,52,5,0,105,0,0,54,124,178,1,2,92,9,229
c72,17,77,61,27,93,104,51,3,48,0,0,39,33,36,0,0,90,31,165
c73,38,52,149,20,58,59,1,0,44,0,0,120,314,257,0,3,59,43,303
c74,60,151,238,74,32,170,8,6,86,0,0,60,230,176,1,1,121,9,202
c75,18,286,5,9,1,423,13,179,1,32,1,0,222,0,0,63,206,28,2
c76,29,240,2,7,0,303,6,108,1,131,21,0,154,1,4,70,2,24,3
c77,16,51,0,3,0,104,0,73,1,18,21,0,21,0,0,21,39,6,0
c78,65,87,182,38,39,61,2,0,86,0,0,141,218,132,0,0,112,20,116
c79,42,43,129,32,23,166,16,2,86,1,1,132,167,123,0,0,10,4,135
c80,13,71,1,2,0,227,13,167,0,50,32,0,53,3,0,62,214,9,1
c81,91,205,1,7,1,277,24,218,0,19,31,0,23,0,0,45,143,15,3
c82,12,27,83,21,53,58,9,3,21,0,1,67,69,50,0,0,80,19,42
c83,23,223,0,0,0,157,2,74,0,5,6,0,26,2,16,48,81,10,0
c84,4,14,30,4,15,20,4,0,26,1,0,28,15,38,1,0,35,3,54
c85,31,143,226,44,29,119,15,1,112,0,0,80,179,214,0,0,66,37,92
c86,29,133,129,6,23,163,4,2,0,0,0,21,93,121,0,2,5,17,208
c87,32,115,103,39,35,120,11,0,144,0,1,135,113,143,0,1,86,10,147
c88,81,247,1,10,4,500,8,148,3,40,3,0,103,1,245,41,17,51,0
c89,2,26,31,6,21,14,1,1,3,0,0,12,29,32,0,0,11,8,17
c90,21,258,1,6,2,279,7,66,0,74,28,0,67,1,0,57,118,32,0
c91,38,131,135,23,57,99,28,3,142,0,1,159,226,180,0,1,68,40,142
c92,2,35,0,2,1,47,6,67,1,5,1,1,19,0,5,27,46,17,0
c93,26,61,135,13,45,85,2,0,36,0,0,76,110,18,0,0,74,39,160
c94,49,190,0,12,0,369,2,211,1,33,30,0,69,0,31,94,190,27,4
c95,11,63,132,31,6,100,12,0,71,0,0,30,35,51,0,0,57,1,43
c96,111,427,232,36,82,369,53,114,130,67,53,111,512,298,24,86,77,162,174
c97,30,113,0,4,0,264,5,98,1,2,7,0,66,2,80,19,79,109,1
c98,56,234,48,26,49,269,17,118,7,42,7,56,80,130,41,71,226,151,67
c99,9,66,60,41,14,19,3,1,43,0,0,57,107,170,0,1,42,21,50
c100,15,226,1,12,1,283,1,97,2,101,32,0,34,4,84,40,13,18,1
c101,20,16,117,18,226,47,5,3,44,0,0,161,186,174,0,2,8,92,107
c102,90,104,228,48,22,189,3,7,28,0,1,76,182,96,1,5,87,8,129
c103,197,462,1,11,0,217,15,291,1,99,78,3,11,2,39,48,61,91,1
c104,51,120,1,3,2,377,7,191,1,69,23,0,48,3,49,41,17,21,2
c105,0,98,1,1,1,51,8,69,0,0,0,1,21,3,26,46,68,10,0
c106,37,77,0,5,1,255,0,48,1,26,17,0,18,1,23,65,44,29,1
c107,18,125,0,4,1,195,8,116,2,14,7,1,39,3,45,26,47,11,1
c108,8,12,34,6,0,51,0,0,41,0,0,11,34,64,0,0,58,5,33
c109,42,101,0,4,0,118,6,85,1,37,39,0,32,4,2,83,228,6,2
c110,10,266,3,12,3,114,21,322,1,28,0,19,56,3,14,67,64,22,0
c111,27,84,98,22,7,153,8,2,44,1,0,38,70,205,1,0,46,5,15
c112,11,133,153,27,49,84,5,2,117,0,0,60,94,179,0,3,53,16,153
c113,68,323,2,13,2,175,16,468,4,23,24,1,136,7,27,89,391,96,3
c114,39,251,2,5,0,378,6,185,0,21,7,0,22,3,6,93,53,15,5
c115,22,96,199,50,22,251,1,1,49,0,0,32,175,92,0,0,151,5,161
c116,29,81,194,21,30,70,2,2,85,0,0,120,224,40,2,0,3,17,74
c117,62,135,1,7,0,325,24,108,0,40,6,0,71,2,25,46,87,13,0
c118,38,59,167,6,11,189,2,0,74,0,0,40,136,96,1,2,76,12,165
c119,36,123,34,18,245,205,3,2,197,0,0,260,206,276,1,1,116,157,204
c120,35,32,57,19,17,135,70,0,43,0,0,70,78,206,0,1,74,9,38
c121,33,38,160,49,59,85,3,1,67,0,0,105,129,142,1,1,112,29,92
c122,22,143,182,38,47,159,6,1,25,0,0,116,135,281,1,2,24,15,64
c123,45,148,137,79,28,157,4,2,132,0,0,44,163,191,0,1,26,5,153
c124,21,144,9,5,2,288,7,168,0,33,16,0,68,2,0,93,161,7,2
c125,16,83,115,35,43,84,8,0,92,0,0,101,75,96,0,2,158,21,148
c126,46,142,0,8,3,461,33,83,0,2,4,0,54,2,0,35,23,5,0
c127,30,346,4,7,0,94,13,206,0,18,23,0,17,0,74,62,162,22,2
c128,0,33,0,83,0,2,10,0,0,51,14,230,134,1,13,1,0,0,246
c129,16,163,1,9,0,242,6,145,1,12,0,0,59,1,22,77,221,68,3
c130,16,148,2,0,0,61,0,91,4,0,2,1,24,2,6,32,84,19,0
c131,149,448,6,27,0,286,63,306,1,4,6,0,268,14,1,213,381,37,5
c132,26,20,183,32,77,77,19,1,41,0,0,37,93,103,0,0,66,11,122
c133,83,289,8,11,2,95,10,143,0,62,45,1,45,2,23,65,154,109,2
c134,10,38,0,6,0,79,3,33,1,23,7,0,7,1,4,39,125,8,0
c135,1,37,1,5,0,54,33,58,0,6,10,0,14,2,0,24,44,8,1
c136,21,105,117,37,15,101,7,1,30,0,1,127,86,90,0,0,89,9,165
c137,7,56,0,3,0,172,5,85,1,31,12,0,23,1,3,38,62,1,0
c138,54,72,0,9,0,267,1,91,1,22,3,1,85,2,54,71,113,48,0
c139,35,108,170,42,46,129,12,0,96,0,0,54,87,106,0,1,74,57,191
c140,66,60,264,80,183,218,5,4,153,0,0,93,211,140,0,4,129,118,76
c141,33,47,133,51,62,34,3,1,93,0,1,40,101,94,0,3,21,17,139
c142,83,155,233,39,42,352,5,3,52,0,0,168,174,177,0,2,169,35,244
c143,0,66,1,153,2,0,14,3,2,253,165,444,390,36,338,1,1,0,619
c144,15,8,40,23,45,168,4,3,112,0,0,54,75,111,1,2,42,20,61
c145,0,17,0,0,0,76,3,3,0,0,1,0,31,0,0,8,23,46,0
c146,34,119,154,37,8,330,18,0,82,0,0,49,146,259,1,1,102,23,141
c147,38,144,166,60,52,90,4,0,28,0,0,208,175,236,0,1,38,7,111
c148,36,175,261,77,140,224,10,0,135,0,0,111,295,326,0,4,154,56,104
c149,17,47,1,6,0,192,0,122,0,6,17,0,25,1,2,56,3,9,0
c150,9,97,3,9,0,330,53,79,1,9,4,0,23,3,9,82,125,36,0
c151,92,328,2,11,0,175,6,238,1,71,12,0,128,5,34,41,117,25,4
c152,146,301,4,6,2,607,10,177,1,13,44,2,162,1,0,88,137,88,0
c153,16,129,47,16,9,76,67,0,68,0,0,99,187,64,1,1,96,1,253
c154,18,40,194,37,96,93,4,3,148,0,0,79,141,187,0,0,110,26,218
c155,23,168,0,9,1,292,23,146,0,22,35,1,75,1,12,21,99,7,0
c156,45,115,234,83,10,156,12,1,66,0,0,106,167,119,0,0,22,26,121
c157,32,37,108,38,14,135,10,0,33,0,0,42,160,79,0,0,81,3,22
c158,1,57,29,17,1,7,3,0,28,0,0,13,35,1,0,0,3,14,19
c159,9,151,0,4,0,84,3,42,3,16,23,0,2,0,6,10,94,27,1
c160,21,72,62,5,9,67,10,1,34,0,0,69,55,25,0,0,94,3,24
c161,5,20,44,12,5,44,0,1,59,2,0,18,53,86,0,0,3,1,57
c162,0,35,11,12,29,36,1,0,8,0,0,0,16,45,0,1,19,6,41
c163,6,110,1,3,0,240,0,115,0,37,25,0,58,0,16,98,124,98,0
c164,1,200,1,2,0,169,9,49,2,28,4,0,25,1,33,68,109,5,2
c165,7,232,0,7,0,127,8,232,2,50,8,0,22,2,1,64,151,46,0
c166,3,47,111,9,159,35,3,1,22,0,0,27,29,87,0,1,40,29,72
c167,18,103,0,7,0,266,8,80,0,59,33,1,74,0,5,58,106,52,0
c168,64,64,258,24,51,185,0,2,131,0,0,110,144,133,0,1,133,45,19
c169,132,456,2,19,1,583,14,241,2,17,2,0,157,1,30,232,235,0,4
c170,13,50,75,3,18,122,1,56,23,8,10,58,37,10,16,13,51,78,56
c171,36,227,1,3,0,157,11,76,2,48,34,2,50,2,74,16,85,25,0
c172,13,82,1,7,2,184,6,94,0,2,0,0,66,0,46,40,111,72,1
c173,23,232,115,1,8,103,0,0,79,0,0,88,151,218,0,1,87,37,92
c174,24,166,1,5,0,248,2,97,0,99,39,0,79,7,121,65,104,81,1
c175,66,308,4,10,1,80,14,209,2,72,34,2,148,0,21,80,121,90,2
c176,11,18,83,16,24,58,2,0,39,0,0,41,49,60,0,0,15,23,55
c177,24,29,71,19,16,82,2,0,106,0,0,34,96,67,1,2,23,11,45
c178,34,80,198,44,13,70,8,4,176,0,0,84,141,178,2,0,64,9,87
c179,86,128,96,32,23,173,13,1,133,0,0,80,164,273,0,0,176,9,219
c180,63,18,88,26,24,94,15,0,79,4,0,54,116,96,1,1,59,5,78
c181,78,106,175,74,24,96,3,0,58,0,0,90,276,127,0,0,55,16,76
c182,8,49,68,48,54,88,13,0,3,0,0,12,88,21,0,0,33,8,126
c183,13,146,1,2,0,26,25,52,2,2,22,0,45,7,0,41,91,5,0
c184,22,20,31,21,16,114,5,0,1,0,0,36,20,136,0,0,119,11,66
c185,85,137,0,7,0,206,38,17,2,16,6,0,54,2,7,64,138,41,1
c186,2,31,105,9,49,123,32,0,134,1,0,44,98,103,1,1,15,6,165
c187,15,1,21,51,39,1,20,0,95,0,0,91,93,150,1,3,113,36,248
c188,5,19,67,15,30,49,16,1,35,0,0,36,48,38,1,0,40,20,81
c189,3,42,50,17,32,34,1,0,18,0,0,50,63,127,0,0,60,12,142
c190,72,259,4,6,1,240,1,64,0,32,14,0,52,1,1,58,78,7,0
c191,27,27,114,4,26,47,3,0,24,0,0,38,35,0,0,1,79,14,18
c192,42,46,84,18,105,84,3,1,55,0,0,52,76,136,1,1,58,55,108
c193,47,329,10,4,0,125,4,95,2,79,36,0,66,1,114,25,161,35,2
c194,2,104,0,8,0,234,1,186,7,83,30,0,126,1,1,55,131,20,1
c195,219,158,134,61,85,367,17,0,35,0,0,135,284,270,1,3,92,59,126
c196,4,43,0,5,1,92,3,116,0,6,29,0,35,0,2,23,73,34,0
c197,85,215,229,101,32,246,14,0,29,0,0,113,258,290,0,0,180,18,283
c198,77,182,0,1,0,129,10,154,1,30,4,0,64,0,3,24,59,0,6
c199,12,45,85,19,2,136,0,1,53,0,0,0,62,86,0,7,38,15,125
c200,32,210,1,7,1,209,8,145,3,2,0,0,32,2,1,77,41,17,0
c201,59,39,106,77,102,230,5,1,22,0,0,126,284,159,0,3,61,5,274
c202,18,20,99,10,13,83,2,0,25,0,0,6,13,6,1,0,70,7,161
c203,59,87,61,65,31,171,26,1,62,0,0,72,235,159,1,0,39,4,67
c204,17,64,43,3,13,63,3,0,23,0,0,21,52,60,0,1,44,6,113
c205,27,156,0,5,1,82,4,60,1,7,7,0,32,2,6,75,2,6,1
c206,1,90,100,35,50,62,4,1,101,0,0,55,11,80,0,2,32,13,1
c207,30,178,2,9,0,166,5,173,3,0,0,0,46,4,21,82,197,23,1
c208,31,98,245,80,33,248,9,2,48,1,0,152,302,221,1,3,57,5,214
c209,27,143,1,3,0,127,13,100,0,27,1,1,31,0,4,76,115,10,2
c210,43,204,3,9,0,381,3,153,2,59,15,0,30,0,27,104,113,53,4
c211,7,38,61,43,1,113,28,2,0,0,0,21,46,140,0,0,47,11,71
c212,32,97,47,20,48,68,9,0,29,0,0,46,77,198,1,0,54,27,136
c213,62,106,2,2,4,188,10,144,0,2,14,0,55,2,120,30,136,33,0
c214,27,14,1,2,0,177,8,65,1,2,1,0,54,0,0,31,130,5,0
c215,29,81,195,82,59,111,4,0,107,0,0,67,42,30,0,2,124,4,55
c216,36,52,167,48,35,132,2,0,74,0,0,97,75,11,0,0,36,4,117
c217,28,36,1,3,2,282,5,177,1,0,1,1,130,2,32,66,198,123,4
c218,68,214,3,16,0,0,14,215,3,41,47,1,85,2,32,130,174,22,0
c219,25,79,0,6,2,258,2,28,0,44,8,1,60,1,0,31,188,25,2
c220,22,170,0,6,0,250,4,91,2,36,12,0,75,1,1,54,116,9,1
c221,69,332,0,7,2,518,4,257,0,38,5,0,35,0,42,70,121,27,3
c222,44,49,99,6,6,46,2,0,35,0,0,45,172,77,0,2,71,1,142
c223,98,70,275,49,39,113,47,1,76,0,0,2,120,152,0,2,102,30,144
c224,13,154,0,1,0,225,12,174,0,30,28,0,36,1,53,17,78,62,1
c225,31,72,3,3,0,242,1,83,0,16,30,0,23,0,48,31,92,44,1
c226,55,127,0,9,0,268,15,133,0,63,27,0,89,0,30,81,162,31,2
c227,77,320,1,6,0,160,18,101,1,32,6,1,91,0,19,29,42,4,3
c228,36,122,1,6,0,161,4,159,0,62,6,0,32,4,0,64,108,14,1
c229,17,49,53,25,74,45,5,0,75,0,0,63,112,180,1,1,115,14,144
c230,70,233,1,3,0,394,10,135,1,83,30,0,99,0,7,51,75,11,0
c231,62,2,162,2,42,210,7,1,55,0,0,47,32,119,1,1,36,4,120
c232,114,407,4,15,0,179,38,154,2,69,48,0,134,3,25,80,322,58,0
c233,7,105,2,1,1,166,3,49,0,41,19,0,54,0,20,48,16,27,0
c234,29,173,28,16,10,128,3,60,27,0,0,55,191,186,37,16,143,62,27
c235,38,174,1,6,1,113,9,93,0,61,38,0,53,0,0,143,134,45,0
c236,18,32,40,28,25,48,3,0,20,0,0,17,54,42,0,0,25,3,24
c237,59,303,2,6,0,363,11,119,1,58,26,0,75,1,20,47,94,39,1
c238,65,216,4,5,0,116,7,287,2,56,36,0,78,1,22,53,117,11,1
c239,8,113,0,7,0,211,0,65,0,8,4,2,31,0,6,18,63,15,0
c240,59,179,2,15,1,325,4,96,2,48,33,1,147,1,10,40,111,24,3
c241,62,168,1,2,0,296,3,125,0,21,6,1,75,1,13,64,16,35,1
c242,17,92,1,7,0,190,14,7,3,48,16,0,22,0,2,62,168,69,1
c243,4,71,0,4,0,71,17,14,0,0,0,0,10,0,0,20,54,6,0
c244,4,48,111,10,7,38,5,1,32,0,0,22,45,28,1,1,48,3,45
c245,12,106,171,15,3,111,2,3,91,0,0,70,19,71,0,0,85,18,81
c246,37,98,1,2,1,226,24,38,4,48,55,2,71,1,25,74,2,82,2
c247,10,83,2,3,3,59,2,122,1,1,0,0,44,1,9,39,98,7,0
c248,114,316,1,18,2,213,8,201,0,89,41,0,190,2,60,122,211,45,3
c249,76,398,0,14,1,111,17,140,1,131,80,1,58,1,115,106,211,71,1
c250,12,132,2,3,0,242,5,32,2,14,3,0,24,1,65,61,90,10,1
c251,32,84,0,1,0,51,9,188,4,11,38,0,44,1,3,23,96,95,1
c252,8,107,108,20,6,68,4,0,58,0,0,52,86,28,0,0,50,9,183
c253,29,260,3,11,1,286,40,107,1,66,18,0,29,17,0,119,237,9,1
c254,2,51,1,5,0,75,2,75,0,15,2,0,8,1,17,17,42,5,0
c255,12,13,107,30,41,71,3,1,47,0,0,37,79,90,0,0,68,2,115
c256,17,142,1,8,1,152,7,132,1,31,3,0,23,1,30,14,135,7,2
c257,39,212,164,37,74,52,56,5,116,0,0,58,200,353,1,5,116,5,156
c258,41,59,0,2,0,36,3,144,10,61,12,0,22,0,3,90,142,9,4
c259,67,220,1,3,0,239,7,163,0,8,6,2,55,1,29,43,190,14,2
c260,62,143,55,104,15,136,6,2,117,0,0,35,131,111,0,1,80,5,66
c261,119,274,7,12,0,153,13,262,3,99,57,0,167,6,14,136,26,60,4
c262,60,152,1,4,1,107,1,71,0,4,0,1,18,0,0,18,98,2,0
c263,47,56,148,13,23,109,39,2,151,1,0,47,193,69,0,0,46,8,162
c264,10,245,1,2,0,119,23,80,0,0,0,0,22,0,18,39,111,9,1
c265,37,65,130,31,42,164,7,1,84,0,0,64,154,113,0,0,47,7,154
c266,14,69,22,5,5,69,12,13,12,2,11,1,6,8,9,5,38,4,24
c267,6,97,0,1,1,82,7,59,0,19,0,0,44,1,23,54,79,6,0
c268,59,94,197,35,53,6,11,0,125,0,0,59,128,74,0,1,108,62,138
c269,7,87,0,7,0,116,4,96,0,52,18,0,14,0,0,93,85,28,1
c270,132,369,2,17,0,321,12,210,1,122,80,0,75,2,3,83,81,52,5
c271,34,105,0,8,0,162,1,75,2,37,4,0,75,0,3,46,145,46,1
c272,21,214,39,10,23,50,23,177,29,48,10,53,82,58,15,24,115,21,68
c273,2,1,79,40,35,53,25,3,83,0,0,32,122,67,0,4,116,9,103
c274,4,208,0,5,0,107,11,103,3,6,2,1,32,4,0,26,119,4,2
c275,17,92,42,14,8,21,7,1,41,0,0,19,131,125,1,1,40,4,73
c276,37,57,154,19,53,105,5,1,130,1,0,105,223,73,0,0,33,8,180
c277,0,15,151,5,11,16,6,0,24,0,0,17,169,108,0,1,28,5,72
c278,132,213,0,9,2,112,17,232,2,97,37,1,95,3,13,66,295,31,2
c279,44,202,176,87,24,170,13,1,74,0,0,72,151,169,1,0,33,4,172
c280,33,24,156,13,41,94,4,0,2,0,0,68,69,142,0,1,47,5,143
c281,22,91,0,3,0,10,4,125,0,11,25,1,18,0,0,89,154,50,0
c282,8,202,1,8,1,7,7,96,1,44,72,0,82,0,0,81,68,18,2
c283,35,95,139,41,18,121,6,0,38,0,0,68,97,160,0,1,96,19,168
c284,10,31,80,11,99,35,28,1,42,0,0,35,64,29,0,0,78,16,70
c285,60,207,238,71,71,191,8,2,12,0,0,101,227,155,0,2,115,74,226
c286,37,286,1,6,3,90,10,139,2,54,35,0,153,1,0,64,163,37,3
c287,62,156,7,16,2,340,1,156,3,130,81,0,74,2,2,86,109,33,1
c288,44,117,160,3,82,44,6,0,111,0,0,0,149,31,1,2,18,0,123
c289,13,79,52,42,10,70,11,0,14,0,0,48,123,98,0,1,55,4,112
c290,22,90,0,5,2,190,9,39,0,28,9,1,41,0,62,46,155,22,3
c291,28,62,113,65,12,47,14,0,76,0,0,35,32,80,0,0,83,3,17
c292,106,101,206,14,28,71,12,3,142,0,0,53,172,167,0,1,50,13,93
c293,9,137,1,15,0,210,23,80,0,10,0,0,24,1,0,31,185,7,0
c294,10,121,1,3,0,140,7,74,0,0,0,1,1,0,0,22,73,20,2
c295,33,128,0,2,0,266,3,5,4,25,6,0,111,0,17,39,19,5,4
c296,26,212,3,5,0,101,49,168,0,12,25,0,14,1,7,99,138,10,1
c297,68,152,83,35,120,210,14,1,100,0,0,168,306,144,1,3,143,70,311
c298,111,121,192,50,45,96,40,3,127,0,0,130,140,250,0,1,135,30,99
c299,30,66,0,2,0,196,4,183,0,2,24,2,76,1,8,43,119,28,5
c300,19,135,144,19,8,85,13,1,123,0,0,114,111,125,0,2,30,32,29
c301,50,146,261,48,48,152,13,1,127,2,0,129,215,209,0,1,147,38,33
c302,0,273,1,0,0,0,0,67,5,41,1,1,51,0,2,124,241,42,1
c303,54,190,92,53,128,83,9,1,46,0,0,78,155,173,0,2,21,54,254
c304,38,204,0,5,0,135,31,131,1,68,48,0,28,2,57,52,48,22,0
c305,18,234,0,6,0,207,7,202,0,17,14,0,9,0,2,12,54,17,1
c306,33,133,0,8,0,202,7,171,1,15,16,0,30,1,18,39,36,9,0
c307,1,30,55,10,3,136,18,1,15,0,0,67,55,27,0,0,78,7,107
c308,3,27,1,7,0,53,4,24,0,3,1,0,10,0,25,30,41,7,4
c309,26,95,46,13,4,191,15,7,49,0,0,8,29,0,2,33,68,2,77
c310,63,28,187,23,39,144,9,0,85,0,0,37,214,275,0,0,53,46,112
c311,11,113,1,4,0,158,2,28,4,0,1,0,21,3,0,26,114,27,1
c312,7,93,0,1,0,149,25,83,0,25,8,0,48,1,1,25,136,9,0
c313,4,158,1,9,0,255,10,149,0,89,7,0,42,1,4,64,190,27,2
c314,39,145,135,40,130,185,32,0,76,2,0,51,221,1,0,1,8,0,98
c315,3,21,32,20,2,11,6,0,25,0,0,30,29,10,0,0,67,2,59
c316,34,75,113,32,16,93,3,1,118,0,0,51,72,46,0,0,37,6,66
c317,24,146,1,9,1,305,16,113,2,21,10,0,44,0,0,43,74,5,0
c318,69,126,0,8,1,34,29,25,2,36,33,1,91,4,0,46,55,17,0
c319,45,253,1,6,2,342,3,189,1,16,5,1,113,2,33,105,53,104,0
c320,32,105,8,37,6,24,13,1,141,0,0,48,48,151,1,0,120,5,68
c321,10,129,77,12,28,73,6,3,119,0,0,119,72,54,0,0,78,3,99
c322,26,185,1,12,1,303,9,234,0,17,23,1,66,3,51,75,4,15,0
c323,34,230,1,3,0,117,2,163,1,20,11,0,46,1,51,27,156,40,0
c324,11,129,2,4,0,218,1,56,0,38,7,0,36,2,0,45,14,17,2
c325,110,475,1,19,1,187,18,213,0,0,0,1,49,5,50,106,93,37,3
c326,10,112,1,5,1,181,35,110,0,12,9,0,35,1,0,66,129,12,2
c327,48,69,51,16,15,135,3,1,34,0,0,26,46,157,0,3,52,10,47
c328,24,89,51,18,18,180,7,109,45,16,2,36,70,58,21,27,132,28,47
c329,10,67,49,12,2,49,3,0,12,0,0,24,22,1,0,0,28,6,43
c330,2,46,1,2,0,53,2,46,0,4,0,0,19,0,0,23,87,3,0
c331,73,67,76,7,24,55,0,0,70,0,0,61,151,95,0,1,84,82,117
c332,45,95,248,31,32,148,10,3,25,0,0,87,146,199,0,1,108,32,118
c333,0,12,69,23,36,4,2,0,33,0,0,34,34,66,1,0,11,72,14
c334,3,136,88,36,58,118,22,0,118,0,1,70,109,96,0,3,121,11,119
c335,7,142,2,6,0,123,5,66,0,0,9,1,70,1,0,51,156,8,8
c336,65,300,6,12,0,440,6,98,2,137,82,1,123,0,60,146,275,129,7
c337,73,106,3,11,2,291,19,121,0,61,38,2,63,1,15,53,135,9,1
c338,18,101,0,2,0,202,7,106,0,15,4,0,30,0,0,47,83,16,0
c339,8,55,122,46,7,60,2,1,33,0,0,53,64,84,1,0,25,33,107
c340,11,231,1,4,0,370,5,89,1,37,27,0,19,0,13,71,45,72,1
c341,20,67,147,22,156,96,10,3,67,0,0,19,75,60,0,0,77,15,68
c342,115,278,2,9,0,270,14,154,2,28,3,0,23,2,0,58,182,42,1
c343,15,16,11,11,4,44,2,1,47,0,0,32,123,105,0,1,141,20,147
c344,54,178,1,1,0,108,5,80,0,22,7,0,34,2,14,33,41,1,0
c345,87,42,0,6,0,151,5,82,1,26,0,1,166,0,46,22,53,10,0
c346,28,153,0,7,0,179,10,28,0,38,18,0,62,0,1,64,5,26,5
c347,132,246,325,84,93,235,16,2,52,0,0,116,362,136,0,4,137,41,345
c348,50,298,0,6,1,299,3,187,1,56,30,0,49,2,0,70,28,36,1
c349,20,105,75,41,22,192,10,0,39,0,0,62,41,78,0,1,48,2,174
c350,36,156,202,38,20,212,29,1,172,0,0,89,176,101,0,1,136,16,262
c351,41,78,0,38,36,181,39,1,82,0,0,8,54,96,0,2,74,5,121
c352,88,90,189,47,68,230,4,1,125,0,0,120,350,180,0,2,115,83,75
c353,8,181,0,4,0,47,15,75,0,33,0,1,41,0,0,54,164,19,1
c354,22,121,2,6,0,316,28,60,2,31,16,0,42,0,0,40,109,7,0
c355,2,120,1,8,1,266,10,308,2,10,4,0,0,5,5,85,175,34,0
c356,16,47,2,10,0,233,1,147,0,0,0,0,103,0,0,88,242,13,2
c357,51,49,108,7,11,161,20,4,67,8,0,28,36,137,0,3,77,21,14
c358,59,342,1,11,1,76,13,66,2,54,35,1,121,4,2,73,12,61,4
c359,13,43,76,22,35,25,4,0,18,0,0,12,29,31,0,1,26,5,31
c360,24,145,177,39,78,202,4,2,73,0,0,68,123,98,0,2,60,53,64
c361,2,11,51,2,5,106,0,0,39,0,0,39,50,49,0,2,7,1,12
c362,33,84,1,13,0,362,3,102,0,71,53,1,64,4,25,66,5,7,0
c363,78,193,0,5,1,304,14,145,0,10,20,0,84,1,0,75,184,66,1
c364,42,163,242,81,48,147,4,4,100,0,0,133,183,209,1,0,33,72,387
c365,27,2,107,51,76,39,9,0,48,0,0,50,68,213,0,1,59,6,171
c366,46,137,146,22,72,56,9,0,66,0,0,63,240,181,0,1,58,22,204
c367,84,88,243,43,66,201,4,1,57,4,0,129,175,62,0,0,109,26,248
c368,25,183,0,9,1,209,10,214,2,27,39,0,83,0,22,55,19,39,1
c369,71,154,0,7,1,262,10,134,1,69,3,1,40,0,0,70,157,53,0
c370,26,145,308,19,35,140,16,1,22,0,0,58,106,86,0,0,120,15,141
c371,55,24,6,27,42,39,10,0,57,0,1,4,35,4,0,0,62,2,221
c372,1,50,89,32,29,40,6,0,92,0,0,49,62,37,0,0,67,6,101
c373,51,124,248,29,45,170,32,0,159,0,0,83,145,121,0,0,127,17,163
c374,120,150,96,38,47,171,9,0,18,0,0,53,76,129,1,1,117,23,98
c375,42,166,7,4,3,283,12,193,0,69,15,0,19,2,13,35,93,7,1
c376,15,182,1,8,0,90,7,142,1,79,64,0,137,0,0,61,136,89,1
c377,0,13,40,15,0,78,2,1,8,0,1,89,95,98,1,0,49,11,35
c378,82,211,56,8,10,313,3,71,48,26,1,44,185,22,68,59,279,33,52
c379,60,149,0,1,1,65,5,25,0,32,3,0,19,13,1,23,53,16,3
c380,34,11,31,38,34,171,4,0,61,0,0,24,173,103,0,0,60,4,83
c381,7,18,36,11,19,33,24,0,74,0,0,39,33,28,2,0,57,2,46
c382,8,119,207,35,39,169,40,3,53,0,0,109,114,7,1,0,46,17,24
c383,38,27,86,12,4,155,1,0,6,1,0,156,113,110,1,0,53,0,29
c384,8,34,56,13,13,44,4,2,2,0,0,26,30,26,0,0,30,4,35
c385,65,71,0,5,0,266,9,69,1,65,16,0,30,1,12,64,71,3,1
c386,24,23,66,23,33,15,3,1,49,0,0,68,52,69,1,1,110,26,94
c387,19,58,84,30,15,139,33,2,125,2,1,70,100,89,0,0,72,6,115
c388,28,221,0,4,0,191,15,148,0,52,14,1,59,1,76,36,73,25,1
c389,20,240,3,6,2,78,7,123,3,77,3,0,110,1,27,80,202,124,3
c390,5,80,110,10,13,64,1,1,92,0,0,61,35,134,0,0,60,4,70
c391,0,83,0,61,0,0,15,0,0,46,110,123,196,4,73,0,9,0,429
c392,19,116,126,24,14,74,2,1,191,0,0,88,98,58,0,1,43,21,73
c393,8,75,1,5,0,253,3,78,0,22,5,0,43,0,33,34,89,5,0
c394,13,89,1,7,0,288,6,119,2,6,19,0,49,2,0,32,83,17,0
c395,13,120,1,8,0,145,33,65,0,0,0,0,58,1,24,18,106,3,0
c396,9,106,120,1,0,187,15,0,82,0,0,71,81,112,0,0,70,17,136
c397,45,92,97,38,20,71,3,1,86,0,0,51,97,69,0,0,45,9,91
c398,16,80,1,0,0,204,2,106,0,42,18,0,44,0,52,78,10,8,0
c399,1,90,114,50,38,108,10,0,31,0,0,47,266,161,0,0,23,11,39
c400,7,88,1,1,0,51,0,91,0,6,14,0,12,1,6,21,76,7,0
c401,4,37,1,1,0,105,14,105,0,5,1,0,16,1,1,42,137,21,0
c402,58,227,0,16,1,122,10,229,0,33,16,0,34,2,207,53,130,52,0
c403,5,61,1,11,30,75,10,78,47,7,17,42,31,18,2,19,3,46,6
c404,71,91,1,14,0,268,3,80,0,42,8,0,114,2,0,43,16,14,27
c405,44,70,0,12,2,195,1,150,2,6,7,0,41,0,120,86,131,11,3
c406,24,271,0,17,2,389,5,186,0,99,2,1,97,4,65,83,170,29,0
c407,21,183,0,6,0,132,3,130,0,31,11,0,122,2,0,62,233,56,2
c408,42,30,106,12,25,154,10,0,56,0,0,101,114,51,0,0,54,0,165
c409,22,25,31,12,11,33,12,1,1,0,0,22,77,59,0,0,15,0,43
c410,13,11,124,50,31,92,5,0,129,0,0,59,85,58,0,1,134,12,137
c411,6,166,0,5,0,93,3,41,0,0,0,0,39,0,3,34,42,20,0
c412,65,137,339,44,56,125,22,1,273,0,0,139,191,180,0,1,159,37,180
c413,14,82,0,2,1,155,13,34,0,45,18,1,36,1,0,26,124,17,1
c414,7,12,75,22,34,105,8,0,114,0,0,72,68,133,0,1,70,23,65
c415,10,79,138,39,124,131,5,1,28,0,0,67,76,102,0,1,51,17,129
c416,54,224,3,3,0,175,2,105,0,29,0,0,64,3,7,87,84,18,1
c417,21,44,13,9,1,89,2,0,45,0,0,29,22,46,1,0,29,1,46
c418,74,354,188,11,73,33,9,45,129,67,33,117,198,6,59,32,235,32,122
c419,50,152,0,6,1,272,4,90,1,62,41,0,106,1,0,28,167,29,1
c420,55,116,0,3,1,180,4,28,0,0,0,2,34,0,0,54,52,71,1
c421,6,69,3,0,0,90,6,35,2,5,16,0,95,0,71,44,95,29,2
c422,22,104,25,6,13,142,6,51,24,35,2,6,49,13,17,38,41,52,13
c423,25,88,1,11,0,215,4,215,1,44,24,0,49,0,1,65,124,44,2
c424,3,89,0,4,0,113,18,253,0,22,1,0,37,0,30,20,66,52,1
c425,50,36,106,5,14,96,22,0,48,0,0,60,106,161,0,0,42,11,107
c426,11,129,1,2,1,203,2,48,1,12,16,0,44,3,1,29,157,14,3
c427,23,75,3,3,0,233,14,96,0,43,31,0,79,2,25,74,173,8,0
c428,33,178,0,4,0,145,4,156,2,23,10,0,42,1,57,59,110,11,3
c429,5,81,105,26,36,135,1,0,45,0,0,91,163,170,0,0,67,7,106
c430,30,224,0,12,0,299,28,104,0,22,13,1,57,1,9,65,56,52,2
c431,2,97,151,54,30,72,2,1,61,0,0,1,48,6,0,0,79,3,108
c432,4,14,100,22,19,40,11,4,54,0,0,88,54,151,0,1,21,6,101
c433,70,103,208,48,6,20,5,0,124,0,0,58,141,167,0,0,79,5,56
c434,0,43,0,70,0,0,12,0,0,38,29,104,87,2,8,1,0,0,289
c435,14,31,49,13,23,66,18,0,84,0,0,44,97,111,0,4,39,6,77
c436,90,119,105,18,18,94,7,0,45,0,0,124,110,149,0,0,34,21,130
c437,2,52,74,16,22,19,1,0,61,0,0,25,31,0,0,0,6,2,93
c438,40,44,125,14,12,60,3,1,35,0,0,4,71,35,0,2,33,9,88
c439,34,150,152,69,15,175,3,3,44,0,0,162,116,256,1,0,89,17,189
c440,5,93,1,6,0,3,17,251,0,96,13,0,40,1,1,84,138,82,1
c441,34,210,4,4,2,300,129,116,3,7,2,1,26,2,0,45,221,22,6
c442,82,177,2,15,1,363,13,197,2,4,5,1,191,2,18,100,204,134,0
c443,46,8,109,82,28,121,4,1,100,0,0,49,208,150,0,0,87,35,111
c444,18,235,1,9,3,206,29,126,1,27,13,0,35,1,20,22,125,23,3
c445,9,34,23,4,7,42,7,34,7,6,1,7,11,9,0,11,76,3,20
c446,48,60,131,12,46,237,21,5,27,0,0,68,201,7,0,0,26,16,248
c447,2,115,2,5,0,238,11,151,4,26,16,0,57,0,20,66,86,29,0
c448,48,56,83,16,44,68,31,2,70,0,0,74,141,182,1,0,108,8,148
c449,27,169,143,96,29,177,1,2,115,1,0,69,221,101,3,1,113,34,148
c450,0,21,45,15,42,54,4,0,38,0,0,52,14,97,0,0,4,9,21
c451,7,26,84,12,40,87,2,1,21,0,0,23,51,0,0,0,4,8,8
c452,15,82,1,9,0,203,19,115,0,8,2,0,63,1,25,24,101,5,0
c453,9,97,6,3,1,119,9,42,0,0,27,0,9,0,36,61,141,20,0
c454,16,93,0,6,0,282,23,98,0,0,0,0,42,1,0,84,109,37,0
c455,3,78,1,3,0,149,8,52,1,13,3,0,41,0,22,37,91,13,0
c456,38,88,47,41,37,66,6,0,72,0,0,86,102,148,0,1,71,31,94
c457,1,60,95,32,26,55,2,0,10,0,0,121,69,23,0,0,8,26,81
c458,67,236,0,13,0,407,14,153,0,35,3,1,80,7,0,34,99,40,0
c459,21,31,145,21,4,37,7,0,17,0,0,0,30,82,1,0,3,4,59
c460,41,186,4,8,1,33,5,142,3,17,10,0,137,7,27,80,160,32,2
c461,45,9,127,5,6,105,33,0,121,0,0,2,143,85,0,1,121,18,78
c462,191,455,140,12,0,357,31,263,43,0,0,45,325,169,8,138,68,55,3
c463,1,46,1,2,0,91,0,10,0,2,1,0,13,0,2,19,55,2,0
c464,28,64,81,45,12,94,16,0,30,0,0,104,30,77,1,0,33,11,53
c465,46,87,127,44,64,150,53,2,105,0,0,29,164,159,0,0,95,14,48
c466,83,169,124,62,97,271,5,4,209,0,0,178,270,197,0,2,101,29,397
c467,50,84,100,39,20,101,15,1,67,0,1,105,111,184,0,2,25,19,261
c468,4,120,0,6,0,123,2,125,1,41,14,0,43,15,71,80,151,42,1
c469,70,148,52,35,8,143,1,2,26,0,0,45,67,297,0,1,64,4,60
c470,20,98,111,41,5,84,12,4,63,0,0,27,67,99,0,0,58,7,95
c471,26,7,46,15,3,59,13,0,36,0,0,76,46,1,0,1,39,1,47
c472,81,169,1,2,0,217,2,273,0,70,15,0,161,3,17,63,164,7,0
c473,5,129,0,3,0,91,13,77,0,0,0,0,5,0,0,62,131,10,0
c474,10,151,1,0,0,0,0,0,2,16,10,0,36,1,5,1,156,18,0
c475,107,304,0,14,1,357,8,268,3,48,30,2,140,2,0,79,191,94,2
c476,13,35,11,5,0,180,2,32,0,0,0,0,10,1,40,48,130,4,0
c477,16,4,12,12,15,73,3,4,69,0,0,25,66,16,0,0,85,9,32
c478,9,120,1,7,0,135,2,90,3,32,2,0,86,0,0,47,65,23,0
c479,60,208,96,49,37,139,16,3,73,0,1,178,79,85,0,2,84,14,121
c480,11,72,104,27,66,68,5,0,39,0,0,35,41,56,0,1,56,22,80
c481,85,103,251,61,132,247,7,0,166,0,0,87,230,294,0,2,10,46,128
c482,105,231,10,11,1,66,21,195,1,10,6,0,48,2,0,89,35,59,1
c483,19,16,65,24,15,42,2,1,65,0,0,8,30,54,0,0,65,1,56
c484,37,288,1,10,1,267,19,244,1,30,55,1,75,0,35,85,172,18,3
c485,53,226,0,10,0,474,10,218,2,38,52,0,76,8,0,30,161,7,0
c486,60,230,1,5,2,305,16,44,0,15,5,0,50,4,29,16,26,14,1
c487,41,22,4,9,0,231,32,143,1,22,0,0,33,1,0,63,138,48,1
c488,48,204,5,13,1,317,25,229,1,41,1,1,43,5,2,76,209,33,4
c489,73,145,246,108,68,286,30,0,185,0,0,157,276,159,0,3,59,47,257
c490,4,46,16,7,5,55,12,1,45,0,0,34,26,0,0,1,51,23,40
c491,7,101,136,17,6,110,4,1,16,0,0,98,180,86,0,1,29,13,139
c492,43,148,4,9,1,317,2,125,4,21,0,1,63,0,4,79,189,54,1
c493,16,130,0,8,1,331,3,127,2,63,24,2,103,2,0,61,101,18,2
c494,10,91,67,42,22,104,24,2,38,1,0,64,90,66,0,1,156,15,38
c495,6,145,172,41,45,173,72,0,25,0,0,48,56,40,0,1,54,8,42
c496,20,100,0,4,1,51,5,82,1,0,4,0,62,2,49,33,122,3,0
c497,34,28,95,28,15,151,10,0,12,0,0,0,71,0,2,1,147,11,82
c498,15,81,65,47,1,87,6,0,48,0,0,111,149,43,0,2,60,7,214
c499,49,2,43,34,12,165,9,0,111,0,0,102,177,0,1,1,77,3,261
c500,32,40,0,41,45,229,9,0,156,0,0,14,136,201,0,0,16,8,94
c501,18,126,2,8,0,185,10,66,0,14,5,1,40,1,0,52,87,11,2
c502,15,183,1,6,3,280,19,79,0,5,0,0,29,0,0,26,178,19,1
c503,23,34,1,3,0,99,25,92,1,20,7,0,16,0,55,42,3,10,0
c504,20,136,0,8,0,231,5,85,2,41,10,1,63,0,0,60,69,14,5
c505,104,249,1,4,0,266,4,113,1,25,48,0,26,2,5,44,98,9,0
c506,56,236,1,11,1,289,19,268,2,56,19,0,82,1,41,87,132,55,1
c507,30,82,123,43,24,102,3,1,12,0,0,42,108,120,0,1,31,12,70
c508,82,227,0,6,0,224,18,80,0,54,9,0,50,4,0,82,179,20,0
c509,13,122,197,13,32,83,1,2,39,0,0,117,145,64,0,0,27,3,173
c510,8,63,168,42,17,159,8,0,36,0,0,140,155,130,0,4,108,2,167
c511,66,82,62,8,14,1,3,0,11,0,0,176,76,80,0,0,50,22,15
c512,14,12,54,14,19,51,21,0,45,0,0,17,53,63,0,0,19,11,45
c513,10,92,35,11,10,106,8,22,14,6,6,16,36,16,39,46,0,14,41
c514,35,202,0,15,2,302,7,185,0,28,1,0,72,3,25,88,110,62,5
c515,0,22,51,12,9,34,3,0,35,0,0,10,23,29,0,0,29,10,70
c516,22,8,19,36,19,75,27,6,60,0,0,36,78,0,0,0,55,3,93
c517,14,79,134,46,8,88,2,2,62,0,0,142,101,186,1,0,25,11,65
c518,30,116,72,10,22,13,13,1,17,0,0,91,137,103,1,1,0,0,137
c519,15,4,0,32,40,91,1,1,53,0,0,45,73,63,0,0,122,14,82
c520,6,82,181,12,33,69,0,0,34,0,0,16,78,148,0,1,77,6,149
c521,27,189,130,26,32,289,12,71,131,33,10,61,90,105,5,51,225,51,172
c522,17,49,0,1,0,88,10,121,1,26,10,0,47,0,12,34,112,6,0
c523,18,76,92,37,66,47,10,2,6,0,0,30,66,42,0,0,82,22,22
c524,12,70,4,4,1,222,1,106,5,10,0,0,10,3,15,22,143,27,1
c525,48,217,323,142,54,340,66,3,136,0,1,203,452,219,1,5,37,61,314
c526,16,302,1,1,0,65,25,274,1,31,24,3,53,0,3,97,57,43,0
c527,177,631,3,17,1,430,33,294,3,95,55,3,350,5,108,163,235,120,4
c528,63,57,181,34,63,66,1,1,60,0,0,24,43,161,0,1,52,12,107
c529,37,96,0,4,1,170,12,20,0,17,7,0,38,0,2,18,33,33,2
c530,77,0,95,10,18,199,13,1,119,0,0,100,158,214,0,2,140,4,375
c531,8,65,2,1,1,215,1,37,0,6,9,0,9,1,0,34,75,3,0
c532,29,143,197,30,31,205,12,1,90,2,1,106,156,107,0,3,80,31,270
c533,12,104,54,58,46,65,5,1,17,0,0,96,18,116,0,1,22,7,54
c534,4,54,2,1,5,56,3,21,0,4,2,0,1,0,7,19,47,4,4
c535,12,12,40,5,48,44,0,0,40,0,0,24,27,67,0,1,25,14,26
c536,75,268,13,6,0,214,1,83,3,23,28,0,89,4,43,6,118,15,1
c537,17,35,112,38,13,46,8,0,51,0,0,25,38,64,0,0,51,4,39
c538,20,157,13,6,0,193,7,207,0,32,4,0,45,2,2,69,229,39,1
c539,0,125,1,3,0,188,21,83,3,12,1,0,8,0,0,51,104,18,0
c540,1,105,193,8,25,62,3,3,69,0,0,150,187,98,0,1,61,19,119
c541,16,87,200,42,47,46,3,1,64,0,0,163,223,73,0,1,84,23,108
c542,29,23,64,0,4,50,4,0,9,0,0,0,45,34,0,0,32,7,17
c543,36,77,58,33,43,227,3,0,52,0,0,68,189,139,0,0,84,8,39
c544,25,50,67,37,33,13,3,1,89,0,0,42,38,73,1,0,88,11,114
c545,29,285,0,7,1,72,6,172,3,18,23,7,47,1,3,71,156,19,0
c546,61,152,0,2,0,126,0,215,1,0,0,0,26,1,0,83,102,18,1
c547,3,53,79,39,20,132,25,1,15,0,0,29,52,64,0,0,66,0,189
c548,29,41,142,38,28,35,3,1,32,0,0,63,63,1,0,2,115,7,105
c549,36,88,212,69,13,300,24,6,129,1,0,135,143,234,0,3,48,7,45
c550,0,39,0,37,0,0,5,0,0,80,32,151,139,2,50,1,0,1,141
c551,12,59,93,28,23,165,16,0,75,0,0,104,59,212,0,0,37,9,39
c552,12,234,1,2,2,218,1,132,0,0,0,5,137,3,0,28,49,11,0
c553,61,179,0,6,0,232,3,35,1,2,2,0,71,1,19,49,117,27,2
c554,88,233,0,15,3,165,3,100,1,107,84,1,64,3,26,87,87,22,0
c555,12,27,50,23,12,51,0,0,27,0,0,28,60,106,1,0,28,4,10
c556,28,246,3,7,1,193,100,296,3,33,49,0,143,3,56,62,40,4,1
c557,63,97,68,37,16,35,4,2,162,0,0,32,248,242,1,0,98,6,134
c558,0,62,151,57,40,146,4,2,74,0,0,109,84,123,0,0,60,33,138
c559,87,69,171,57,82,189,15,3,69,0,0,106,244,156,0,0,130,24,233
c560,71,29,0,2,0,143,2,58,3,21,5,0,29,1,0,82,113,21,0
c561,20,16,31,17,30,314,7,1,59,2,0,57,72,110,0,3,89,82,1
c562,15,129,5,10,0,191,8,73,2,9,17,2,39,0,9,47,256,10,0
c563,100,223,0,4,1,343,12,188,0,51,18,0,128,1,15,44,42,11,0
c564,21,179,0,2,2,168,10,73,0,0,0,0,60,0,0,27,101,9,1
c565,23,140,1,6,0,212,8,79,0,30,39,0,18,2,26,30,43,3,2
c566,9,95,0,7,0,214,30,154,0,0,0,1,40,1,15,65,249,22,1
c567,64,80,183,44,6,182,15,1,233,0,0,82,52,149,0,2,133,8,160
c568,0,30,51,34,2,24,3,0,15,0,0,52,66,44,0,0,3,3,18
c569,29,43,0,2,0,116,4,38,0,1,19,0,6,0,0,31,87,10,1
c570,29,52,1,4,0,81,24,162,0,24,3,0,49,1,0,53,127,8,0
c571,36,72,95,33,40,53,15,0,145,0,0,139,80,118,0,0,69,12,132
c572,16,64,63,30,50,59,7,1,63,0,0,0,34,21,0,0,68,15,89
c573,22,171,3,4,0,140,37,33,3,16,0,0,29,1,65,58,140,11,0
c574,12,109,23,5,0,163,5,120,0,22,7,1,30,0,51,64,99,12,0
c575,6,125,2,5,1,200,1,73,0,8,9,0,12,0,32,40,193,7,0
c576,52,215,0,10,2,425,12,165,0,62,8,0,111,3,37,115,138,35,7
c577,33,201,0,8,0,234,3,78,0,18,8,0,10,4,14,39,103,3,0
c578,17,89,1,0,1,132,78,96,2,19,9,0,95,2,2,21,93,6,1
c579,4,46,1,3,0,41,0,24,0,14,0,1,59,0,0,14,17,0,0
c580,28,178,179,69,66,126,4,7,148,0,0,131,245,164,0,7,91,18,250
c581,21,35,104,29,53,59,28,0,50,0,0,20,32,140,2,2,78,16,25
c582,19,86,47,9,13,38,8,1,58,0,0,36,69,68,0,0,20,19,72
c583,21,212,1,6,0,91,13,33,0,22,4,0,13,0,0,46,116,8,0
c584,67,268,2,13,0,193,53,275,1,51,0,2,131,3,117,80,353,22,0
c585,23,88,116,69,24,94,1,1,42,0,0,0,50,65,0,1,45,5,77
c586,0,94,0,2,0,233,17,135,0,1,6,0,19,0,0,93,115,58,1
c587,154,17,226,64,104,69,22,0,43,0,1,119,194,5,0,1,124,30,61
c588,0,32,2,85,1,0,6,0,0,9,30,143,110,3,3,0,2,1,313
c589,26,65,76,68,13,133,5,1,69,0,0,40,125,103,0,0,42,2,81
c590,25,205,0,5,0,162,5,66,1,28,16,0,94,0,4,63,152,46,0
c591,33,125,3,10,1,140,8,145,0,31,2,0,41,4,20,41,177,62,0
c592,11,49,91,31,18,115,1,0,49,0,0,48,101,86,1,0,51,7,129
c593,11,11,95,14,0,35,0,0,42,0,0,23,51,33,0,0,33,15,24
c594,24,58,1,1,1,108,7,55,0,10,3,0,23,2,2,10,28,15,0
c595,8,0,154,8,46,156,1,0,72,0,0,26,84,86,0,0,26,11,27
c596,13,83,0,3,1,132,0,125,0,7,9,0,25,1,13,27,138,27,2
c597,23,98,283,45,101,99,9,1,147,0,0,43,132,162,0,0,103,27,121
c598,18,93,0,10,0,167,53,124,1,13,36,1,72,0,9,38,119,29,2
c599,15,64,70,41,70,205,0,2,23,0,1,5,101,212,0,0,27,20,31
c600,40,188,1,6,0,257,7,174,1,38,25,0,26,3,85,105,75,29,1
c601,9,79,74,19,57,131,16,0,44,0,0,73,41,85,0,1,78,16,64
c602,9,104,0,5,1,96,1,90,0,11,3,0,26,0,13,54,172,7,0
c603,17,42,26,8,44,76,13,0,80,0,0,106,78,125,0,1,20,0,90
c604,128,55,129,68,24,212,5,3,90,2,0,150,249,22,0,1,77,24,202
c605,3,103,1,11,0,300,10,266,2,0,0,0,18,0,0,80,35,23,3
c606,9,44,47,26,16,107,2,0,28,0,0,0,140,111,0,2,72,2,73
c607,2,21,1,10,1,175,5,73,2,28,4,1,102,0,1,46,14,38,0
c608,48,238,0,5,0,401,11,107,0,89,38,1,92,5,5,87,144,4,0
c609,59,517,5,20,4,659,9,342,1,16,24,0,294,4,28,242,79,63,2
c610,15,66,5,8,2,87,27,199,0,14,11,0,58,1,69,66,88,23,0
c611,26,42,94,52,9,89,6,1,80,0,0,35,111,52,1,2,57,2,56
c612,67,62,98,22,49,80,26,1,55,0,0,67,94,114,0,1,72,12,104
c613,9,59,72,3,10,101,0,1,83,0,0,40,37,130,0,0,68,15,93
c614,26,53,2,2,0,81,2,16,0,16,0,1,17,1,0,44,132,8,0
c615,43,109,194,18,230,28,6,0,62,0,0,77,83,27,0,0,91,27,107
c616,24,162,0,2,0,144,7,75,0,2,0,1,41,0,28,44,104,13,1
c617,21,65,83,9,79,25,1,0,17,0,0,76,58,107,1,1,55,7,87
c618,34,173,0,3,0,153,0,91,0,36,7,1,7,1,38,25,107,4,0
c619,0,63,1,1,0,99,12,0,0,0,0,0,14,1,11,1,59,0,1
c620,66,244,42,34,58,466,18,155,98,23,21,38,152,55,78,62,204,66,53
c621,1,37,1,64,2,1,7,0,0,25,18,139,231,3,51,1,0,1,128
c622,23,53,42,18,13,0,3,0,41,0,0,44,81,52,0,0,88,11,91
c623,101,30,98,69,40,161,3,2,60,0,0,116,185,106,0,0,30,58,128
c624,53,201,1,7,1,316,8,144,2,3,0,0,96,3,3,50,4,23,3
c625,16,121,144,55,27,105,15,0,83,0,0,59,108,77,0,1,119,13,33
c626,28,302,1,11,0,123,3,178,1,58,36,0,110,1,47,66,231,74,5
c627,1,41,1,2,0,85,9,71,0,18,0,0,28,1,34,22,31,6,0
c628,37,75,73,74,72,144,1,0,64,0,0,28,188,252,0,2,132,78,57
c629,30,310,2,10,2,370,20,149,4,54,19,1,33,0,12,101,227,46,2
c630,7,36,114,25,26,5,2,0,16,0,0,51,16,94,0,0,68,12,69
c631,4,12,47,11,6,54,3,1,27,0,0,25,23,41,0,0,6,2,64
c632,56,16,61,12,69,25,34,1,85,0,0,78,59,176,0,0,39,14,75
c633,47,15,76,18,8,88,2,0,18,0,0,50,59,93,0,1,22,5,15
c634,2,20,54,24,31,54,6,0,55,0,0,67,46,90,0,0,69,5,105
c635,7,49,1,0,0,42,1,49,0,11,0,0,6,0,0,17,41,3,1
c636,73,103,148,40,33,243,15,2,83,0,0,67,121,206,0,0,68,17,31
c637,34,154,0,8,1,150,11,131,0,45,38,0,54,1,6,31,90,8,1
c638,6,86,71,48,11,61,3,0,14,0,0,60,90,62,0,1,30,2,115
c639,3,49,0,3,0,92,4,126,1,0,0,0,24,0,0,14,38,6,0
c640,12,60,0,3,0,69,5,29,0,2,1,0,22,0,0,40,110,7,0
c641,13,4,73,14,34,50,2,1,25,0,0,9,4,19,0,0,60,1,94
c642,16,23,57,14,24,164,5,107,51,14,6,18,39,24,1,30,31,8,31
c643,62,261,7,7,1,319,11,175,0,44,30,0,99,4,64,21,75,44,2
c644,18,55,145,9,14,95,13,0,58,0,0,78,104,161,0,0,42,14,46
c645,39,92,40,46,62,120,17,0,110,0,0,55,93,140,0,2,33,34,35
c646,26,161,1,7,0,195,0,109,2,44,3,1,32,1,1,41,50,107,0
c647,19,125,1,5,2,242,4,184,0,35,9,0,97,0,0,65,125,17,1
c648,67,107,225,19,49,82,24,0,54,0,0,65,202,95,0,1,58,7,79
c649,5,10,20,18,25,43,0,0,47,0,0,2,10,40,0,0,18,3,25
c650,27,185,2,0,1,137,3,111,0,7,8,1,47,0,33,17,117,22,0
c651,22,110,0,8,0,139,2,123,0,24,5,1,33,0,32,29,134,13,0
c652,7,41,67,41,51,71,11,0,42,0,0,96,57,87,0,0,86,5,85
c653,49,217,13,2,0,316,12,41,2,3,20,1,12,2,19,41,197,10,0
c654,2,88,186,2,10,84,17,2,45,0,0,26,48,94,0,0,42,2,135
c655,1,65,1,3,0,154,1,154,3,7,16,0,21,0,11,37,107,5,0
c656,28,172,0,7,2,217,36,75,3,15,9,0,40,0,10,62,185,17,0
c657,16,116,0,3,0,184,1,68,1,0,0,0,64,1,14,23,137,23,0
c658,18,124,94,43,38,197,22,1,221,0,0,117,107,26,1,2,59,61,87
c659,21,99,153,5,4,144,5,0,52,0,0,19,56,8,1,1,47,16,153
c660,2,58,1,5,0,79,17,95,2,2,3,0,2,0,4,33,84,111,3
c661,73,199,118,54,38,153,1,3,92,0,0,121,218,132,0,3,162,15,236
c662,29,84,3,9,0,148,18,66,0,0,0,1,66,0,0,123,138,43,0
c663,12,56,54,53,102,83,1,1,58,0,0,104,78,182,0,0,106,2,248
c664,19,118,70,63,11,180,20,1,73,0,0,77,117,56,0,1,56,8,83
c665,13,68,0,4,2,163,35,79,0,4,1,0,11,0,4,11,58,2,1
c666,2,66,53,24,45,97,10,0,108,0,0,56,52,150,0,1,62,5,67
c667,17,141,2,1,0,231,4,159,1,66,20,0,34,0,2,20,14,16,4
c668,24,90,0,6,0,487,85,244,2,4,0,1,74,4,32,135,18,49,0
c669,46,231,0,8,1,392,11,181,0,63,25,2,39,0,15,92,84,22,1
c670,52,32,76,55,72,120,26,0,143,0,0,95,321,43,1,1,48,129,193
c671,18,94,7,2,0,134,2,27,0,23,23,1,24,2,55,44,118,7,0
c672,12,59,1,4,2,85,1,35,0,12,6,0,4,0,3,18,5,60,1
c673,34,87,2,5,0,293,8,323,1,34,34,0,46,1,27,41,5,45,1
c674,31,85,22,21,14,68,1,3,5,0,0,83,22,108,0,0,45,23,10
c675,15,210,0,7,3,272,46,98,0,22,20,0,59,0,0,26,75,33,1
c676,2,43,15,12,30,116,6,0,84,0,0,64,13,156,0,0,62,20,106
c677,80,111,176,69,177,181,8,1,59,0,0,114,155,278,0,0,95,51,219
c678,27,133,41,42,25,153,8,75,17,5,3,23,94,90,7,38,126,18,24
c679,63,261,0,10,1,280,40,229,0,19,57,0,73,1,3,98,4,32,0
c680,23,78,106,38,26,85,7,0,32,0,0,91,161,22,0,1,51,7,238
c681,7,62,48,6,16,97,0,0,7,0,0,38,17,87,0,0,29,11,18
c682,67,41,70,48,25,99,8,1,15,0,0,66,63,97,0,0,68,0,174
c683,17,99,4,5,0,122,35,95,2,19,8,0,46,4,1,47,147,9,2
c684,36,75,170,60,36,142,13,0,61,1,0,83,159,167,0,1,117,19,132
c685,41,77,98,15,21,37,4,0,189,0,0,114,199,214,0,0,91,25,243
c686,53,169,2,5,0,89,8,176,0,10,13,1,79,1,1,41,210,35,1
c687,74,81,135,12,48,92,10,0,116,0,0,19,108,177,1,2,93,70,160
c688,15,96,77,4,10,117,1,1,70,0,0,76,72,80,0,0,31,6,61
c689,24,40,93,14,48,127,1,0,32,0,0,51,51,23,0,0,52,28,0
c690,68,86,82,12,21,55,31,0,96,0,2,42,94,121,0,1,68,20,76
c691,28,59,121,57,6,75,18,2,28,0,0,30,149,84,0,0,86,3,82
c692,60,174,0,6,0,266,1,120,0,87,35,0,39,2,108,47,22,2,0
c693,42,81,111,38,53,140,4,0,73,0,0,73,207,211,0,0,122,34,190
c694,52,96,9,7,0,89,7,146,1,2,0,0,70,1,0,55,96,4,2
c695,23,126,0,3,1,281,11,152,0,0,0,0,59,1,0,35,95,4,1
c696,19,15,4,1,1,83,0,23,0,14,2,0,20,0,6,11,44,8,1
c697,46,28,89,22,35,100,6,1,70,0,0,39,47,32,0,1,47,2,145
c698,18,74,183,47,14,79,18,1,71,0,0,64,33,126,0,0,123,4,117
c699,48,72,113,40,57,111,3,1,27,0,0,56,73,147,0,0,44,7,66
c700,3,10,73,11,7,39,6,0,89,0,0,5,59,3,0,0,72,1,53
c701,1,137,152,5,8,78,3,0,50,0,0,52,88,45,0,3,41,5,99
c702,26,34,91,12,9,165,1,3,64,0,0,157,82,95,0,0,50,0,187
c703,43,75,72,47,37,148,16,1,45,0,0,0,126,121,0,1,66,13,132
c704,10,42,28,70,5,122,48,1,64,0,0,31,49,70,1,1,39,4,83
c705,7,35,39,22,16,57,1,6,53,0,0,53,88,72,0,0,47,0,41
c706,16,71,130,54,14,134,110,2,71,0,0,92,159,44,0,2,116,4,157
c707,66,601,0,29,0,135,25,263,1,12,5,0,199,2,43,160,4,23,0
c708,10,31,1,6,0,135,11,109,1,0,1,0,15,0,5,71,108,22,1
c709,34,177,2,8,0,180,17,119,2,76,20,0,87,3,57,42,139,25,0
c710,23,191,0,4,1,52,14,110,0,28,19,1,43,3,50,24,74,9,0
c711,5,59,81,14,8,44,4,0,27,0,0,22,58,77,0,0,30,5,66
c712,119,31,96,10,27,133,8,1,30,1,0,64,245,100,1,1,50,14,28
c713,3,39,2,4,2,187,4,38,0,16,9,0,6,0,1,18,63,9,0
c714,11,113,1,0,3,15,4,55,3,11,25,0,44,0,3,44,66,9,1
c715,150,313,2,6,1,3,15,154,2,62,4,0,157,1,0,57,228,54,2
c716,12,32,43,8,37,96,0,5,60,0,0,17,35,90,0,0,47,9,65
c717,1,70,93,41,64,82,6,0,75,0,0,90,64,59,0,0,70,30,26
c718,63,90,42,14,40,124,13,0,123,0,0,44,258,111,0,0,91,12,113
c719,38,70,143,20,42,32,5,1,60,0,0,119,126,134,0,3,105,29,229
c720,8,323,2,4,0,172,11,64,0,12,16,0,6,1,3,44,164,6,1
c721,2,77,2,2,1,72,5,44,0,16,6,0,15,0,2,38,162,29,0
c722,9,91,0,6,1,159,8,125,1,20,0,0,96,2,4,81,63,9,3
c723,0,27,0,0,1,44,5,28,0,12,5,0,5,0,0,21,101,21,0
c724,16,50,1,1,0,91,2,40,1,5,5,0,10,0,0,26,101,16,0
c725,5,76,1,4,0,129,12,137,0,40,0,0,32,0,61,24,143,21,0
c726,0,35,1,5,0,125,11,37,2,0,1,0,30,0,9,52,28,37,0
c727,10,92,0,2,0,128,0,131,1,51,9,0,77,2,5,36,97,15,0
c728,16,102,1,4,0,130,1,104,1,24,15,0,28,1,1,19,138,4,4
c729,19,14,82,25,33,47,8,0,5,0,0,26,28,20,0,0,49,9,10
c730,19,214,2,3,1,24,17,81,0,4,0,0,31,1,25,39,137,5,1
c731,38,194,1,12,2,382,3,192,1,100,22,0,96,2,72,117,36,70,2
c732,19,7,88,29,19,90,5,0,112,0,0,45,60,85,0,1,42,0,179
c733,10,40,70,29,5,19,0,0,53,0,0,20,36,44,0,0,42,0,80
c734,14,31,54,0,11,102,2,0,81,0,0,59,83,87,0,2,19,2,72
c735,29,17,26,8,10,39,1,0,29,0,0,20,44,51,0,3,16,2,60
c736,23,27,32,20,15,48,3,2,33,0,0,44,38,99,0,0,41,5,71
c737,19,28,26,19,53,49,7,1,46,0,0,38,155,87,1,0,53,41,146
c738,23,94,1,6,0,196,3,79,0,2,16,2,92,1,2,57,100,23,2
c739,51,134,1,6,2,333,20,72,2,4,5,0,55,0,32,75,138,31,3
c740,32,45,105,4,3,14,2,0,67,0,0,6,34,57,1,0,35,4,79
c741,1,13,40,5,37,32,2,0,34,0,0,55,36,41,0,1,11,7,54
c742,94,116,2,2,0,189,3,70,0,22,37,2,66,4,1,58,209,29,2
c743,0,115,0,3,0,70,0,29,2,2,14,0,16,0,0,20,57,67,0
c744,6,65,0,1,1,78,3,39,0,13,1,0,7,1,0,10,37,3,0
c745,56,46,82,10,6,61,2,0,3,0,0,55,43,50,0,1,23,1,57
c746,7,103,0,6,0,49,4,76,1,11,1,0,51,1,0,55,126,17,0
c747,2,25,63,24,0,29,5,0,2,0,0,21,70,31,0,2,32,1,61
c748,66,167,1,6,0,150,10,69,0,101,31,1,59,2,0,49,185,50,0
c749,21,213,114,50,11,302,20,1,146,0,1,186,370,269,0,2,14,39,212
c750,51,371,0,4,1,460,11,205,1,37,15,0,134,5,11,38,89,21,0
c751,4,47,61,17,11,75,2,1,41,1,0,90,133,72,0,1,35,8,54
c752,21,142,1,3,1,275,9,118,0,34,15,0,48,5,0,115,162,24,2
c753,17,54,187,36,29,44,33,2,16,0,0,42,127,63,0,5,106,1,86
c754,69,255,0,8,1,426,39,371,0,31,24,0,134,1,57,92,294,35,0
c755,13,201,179,24,26,93,7,1,30,0,0,50,117,188,0,1,29,12,213
c756,54,164,2,10,0,187,3,144,0,94,34,0,37,5,0,71,131,39,0
c757,53,169,153,48,26,145,13,1,90,0,0,95,177,189,0,2,73,16,93
c758,0,148,2,0,1,233,26,193,0,0,0,0,70,0,122,63,24,90,1
c759,18,272,3,4,1,20,15,158,1,40,19,1,99,3,4,51,78,9,0
c760,64,102,206,13,2,127,12,1,50,0,0,17,35,190,0,0,138,14,196
c761,16,16,85,20,6,52,5,0,52,0,0,28,8,65,0,0,69,20,53
c762,83,191,377,63,66,251,12,6,102,0,1,222,423,346,1,1,147,45,345
c763,20,90,150,48,34,195,4,1,55,0,0,83,148,9,0,3,112,3,184
c764,34,179,3,7,0,236,1,20,1,15,24,0,47,0,18,37,192,14,0
c765,14,56,168,56,12,117,14,0,42,0,0,74,193,66,0,1,91,1,191
c766,32,109,48,15,11,386,22,55,57,43,7,26,78,34,2,70,158,22,103
c767,69,176,0,7,1,247,11,151,0,15,13,0,43,1,0,71,31,37,0
c768,0,20,1,44,2,2,0,0,0,43,15,105,113,1,45,2,0,0,205
c769,20,113,0,5,0,166,10,154,1,4,18,0,46,1,13,36,109,21,1
c770,32,184,6,9,1,15,1,40,0,0,0,0,16,2,73,27,202,18,0
c771,32,36,0,6,0,146,1,52,2,2,2,0,38,0,6,26,64,10,1
c772,33,92,153,48,21,162,9,0,23,0,0,86,111,66,0,1,108,32,158
c773,8,56,67,31,43,87,39,0,19,0,0,42,66,146,0,0,31,3,64
c774,48,31,2,1,0,39,5,42,0,0,13,0,74,0,6,23,56,5,0
c775,81,219,3,5,1,206,28,104,1,40,17,0,0,1,8,37,142,10,0
c776,11,223,3,8,1,154,4,27,1,37,11,0,92,2,40,42,59,17,0
c777,2,94,2,1,1,139,2,81,1,9,3,0,14,0,14,51,118,27,2
c778,27,95,0,1,0,167,1,72,1,24,9,0,19,3,6,13,123,14,0
c779,149,222,1,25,0,487,22,212,1,120,45,0,72,0,3,21,154,104,4
c780,57,141,0,1,0,90,4,99,0,28,13,0,46,0,0,31,125,5,2
c781,181,165,275,149,85,128,31,0,211,0,0,124,424,296,0,1,115,51,448
c782,5,47,55,25,72,141,2,2,105,0,0,53,80,68,1,0,36,19,53
c783,7,111,69,14,3,60,5,0,20,0,0,46,57,88,0,0,52,29,57
c784,23,28,0,4,0,92,3,130,0,21,5,1,16,0,5,20,39,7,0
c785,16,2,46,52,9,135,3,3,48,0,0,69,95,55,0,0,74,4,158
c786,28,55,116,40,16,42,7,2,33,1,0,60,74,0,0,1,104,3,13
c787,66,135,0,3,0,190,1,63,0,34,30,0,48,2,0,27,82,53,0
c788,12,29,37,37,43,139,17,1,51,0,0,28,86,144,0,1,90,2,71
c789,72,169,89,17,30,174,4,24,34,24,20,54,132,95,1,40,99,37,77
c790,17,90,133,45,65,38,5,1,125,0,0,88,99,57,0,0,36,4,89
c791,0,32,71,2,5,31,2,0,51,0,0,23,15,31,0,1,8,2,28
c792,47,40,97,19,5,104,50,1,70,0,0,29,65,86,0,0,4,6,31
c793,15,68,67,21,32,81,7,0,38,0,0,60,106,126,0,2,61,22,96
c794,9,12,65,6,30,57,9,0,37,0,0,4,60,28,0,0,16,6,55
c795,8,181,1,7,0,167,10,27,3,61,10,1,54,0,44,36,85,6,0
c796,52,209,13,5,0,193,5,104,0,46,34,1,55,3,56,55,147,17,0
c797,7,52,2,7,2,146,4,62,0,3,3,0,20,0,38,33,147,12,0
c798,44,210,1,4,0,360,10,125,1,24,10,0,41,0,16,80,125,27,15
c799,27,222,1,6,3,43,47,136,2,9,0,0,64,0,2,49,191,35,0
c800,2,53,4,2,2,127,13,67,0,6,4,0,60,0,0,8,98,2,0
c801,7,82,16,6,20,39,3,79,32,10,5,34,25,30,67,8,23,7,32
c802,4,13,0,7,0,199,1,2,0,5,5,0,74,0,9,45,44,14,0
c803,7,51,1,3,0,43,2,12,0,22,8,0,31,2,10,15,43,8,0
c804,60,113,187,43,75,149,17,0,103,0,0,90,176,145,1,1,66,13,203
c805,49,111,98,65,43,127,13,1,33,0,1,102,116,116,2,1,61,7,112
c806,7,16,40,16,7,22,2,0,11,0,0,14,43,43,0,0,38,2,64
c807,7,61,79,1,17,53,3,1,32,0,0,52,89,55,0,0,29,6,47
c808,36,69,0,2,0,54,3,18,0,15,18,3,24,1,12,33,81,32,1
c809,54,278,1,9,0,337,25,116,0,0,0,0,89,2,88,57,95,7,1
c810,59,104,186,39,21,51,8,0,29,0,0,80,36,123,0,0,65,10,23
c811,27,112,0,3,0,196,4,89,0,26,9,0,17,1,30,48,101,47,2
c812,11,45,0,3,0,15,5,35,0,6,8,0,21,1,0,17,98,4,5
c813,31,56,152,53,18,78,6,0,85,0,0,36,119,79,0,0,33,0,133
c814,44,130,2,4,0,274,3,154,0,23,49,0,47,1,27,36,87,22,2
c815,15,32,70,41,24,49,6,0,45,0,0,11,26,84,4,0,67,17,62
c816,51,151,81,42,34,126,1,2,106,0,0,93,102,145,0,0,77,13,229
c817,38,51,71,25,34,61,2,0,46,0,0,17,47,69,0,2,56,7,34
c818,11,157,147,28,49,50,45,1,117,1,0,39,170,116,0,2,39,5,154
c819,10,116,31,30,11,125,6,3,39,0,0,64,30,118,0,1,52,8,109
c820,32,167,113,87,40,146,57,1,87,4,0,83,46,2,1,0,63,15,339
c821,33,126,1,11,0,21,60,135,0,28,18,0,18,6,8,35,116,58,0
c822,89,281,2,13,3,474,12,246,1,20,14,0,167,2,27,95,45,74,0
c823,5,37,3,4,0,90,0,101,1,37,33,0,38,0,4,43,92,19,0
c824,26,101,152,33,21,145,4,2,81,0,0,40,170,155,0,1,86,16,44
c825,0,49,36,31,22,38,12,0,38,0,0,69,54,125,0,1,81,2,24
c826,18,47,0,3,0,184,0,47,0,9,8,0,75,0,0,30,133,8,0
c827,48,146,1,14,0,262,21,94,2,64,7,1,102,0,78,94,243,59,3
c828,18,80,122,25,10,55,5,5,99,1,0,59,112,177,1,1,65,10,19
c829,2,27,71,48,4,94,8,0,31,0,0,223,130,447,0,0,31,14,51
c830,10,9,85,15,26,77,29,1,23,0,0,48,55,41,0,0,0,5,31
c831,0,64,3,62,0,0,6,1,1,39,17,140,225,2,37,1,0,0,190
c832,9,6,13,5,42,105,0,0,56,0,0,100,113,70,0,0,54,19,132
c833,34,238,1,7,0,190,3,89,1,29,1,0,56,2,83,65,221,18,0
c834,182,294,2,22,1,435,11,278,0,17,19,2,161,3,40,155,232,35,1
c835,14,100,96,11,16,202,2,0,44,1,0,86,98,6,0,0,39,12,104
c836,11,51,0,5,0,161,5,33,1,32,15,0,16,0,7,36,6,10,0
c837,0,31,70,21,22,76,8,1,70,0,0,54,85,120,0,0,64,12,113
c838,62,151,99,13,22,94,13,0,33,0,0,151,189,173,0,1,24,21,64
c839,26,30,49,19,10,63,2,0,42,0,0,46,66,53,0,0,71,11,116
c840,14,99,0,5,0,57,8,52,1,36,14,0,23,0,8,39,38,47,0
c841,27,124,147,87,35,84,7,3,155,0,1,73,190,161,0,0,96,30,121
c842,30,70,97,10,62,53,3,0,90,0,0,29,41,87,0,1,47,9,130
c843,52,148,73,45,16,163,10,0,33,0,0,45,104,6,0,2,27,15,45
c844,0,79,0,5,0,272,8,1,4,86,0,0,0,0,0,1,40,29,0
c845,16,102,0,4,0,136,6,67,0,39,6,0,36,1,0,39,116,23,1
c846,17,68,28,5,20,213,10,40,23,51,28,23,122,73,33,60,151,20,55
c847,33,24,27,29,13,113,6,0,25,0,0,82,140,117,0,2,62,35,134
c848,32,221,2,10,1,209,9,226,0,40,27,0,31,1,7,24,9,13,0
c849,70,46,85,74,49,147,2,0,128,0,0,37,115,151,0,1,59,22,52
c850,15,169,1,4,0,193,2,332,0,0,0,2,91,1,75,54,115,10,0
c851,51,262,0,12,0,363,7,201,2,19,30,0,10,2,0,39,141,14,0
c852,16,214,4,3,1,291,4,64,3,20,14,0,86,2,1,55,181,45,1
c853,35,318,1,9,0,51,4,42,0,0,0,0,41,2,10,68,240,17,0
c854,49,151,331,64,48,234,16,1,85,1,0,139,193,87,1,1,212,29,157
c855,36,95,0,2,0,68,17,23,1,1,0,0,61,2,10,50,106,26,0
c856,1,208,1,6,0,170,18,120,0,25,0,1,11,1,0,29,93,41,0
c857,49,54,124,42,3,168,12,1,50,1,0,58,97,10,1,0,32,4,109
c858,60,364,6,8,0,351,4,238,1,38,27,1,131,3,40,135,242,43,0
c859,5,84,35,5,3,134,6,30,13,4,2,0,34,27,10,24,81,46,61
c860,39,67,47,46,6,88,13,0,54,1,0,28,148,44,0,1,55,5,160
c861,5,211,1,3,0,178,3,177,2,34,14,0,54,2,38,52,201,11,0
c862,54,119,90,43,11,375,10,188,103,69,9,82,147,122,43,48,143,130,61
c863,13,44,155,46,71,147,10,5,38,0,0,48,129,58,0,2,84,29,162
c864,11,246,1,12,1,400,7,200,2,58,22,1,65,1,46,63,105,187,2
c865,2,44,1,4,1,96,0,33,0,0,5,0,24,0,22,32,17,51,0
c866,62,265,1,14,1,154,4,294,6,90,18,0,44,4,1,53,148,7,2
c867,4,38,146,30,10,79,2,2,23,0,0,66,120,68,0,0,56,16,121
c868,36,353,1,10,0,492,8,245,2,62,34,2,75,6,155,142,56,52,9
c869,9,15,68,14,12,46,2,0,0,0,1,31,64,71,1,1,101,5,64
c870,47,118,214,102,35,221,10,7,125,0,0,63,328,191,0,4,82,18,258
c871,32,173,0,7,1,320,23,127,2,21,15,0,102,0,6,74,7,34,2
c872,34,99,15,57,48,77,6,1,51,0,0,81,193,151,2,2,51,38,86
c873,71,146,38,32,66,151,11,6,129,0,0,102,125,130,0,2,125,8,119
c874,14,48,38,48,38,138,7,2,37,0,0,37,35,43,0,0,78,7,62
c875,0,6,0,24,0,1,2,0,0,4,3,36,42,1,11,0,0,0,96
c876,25,89,113,15,3,79,0,0,48,0,0,46,91,111,0,0,66,11,107
c877,9,130,0,3,0,160,4,33,0,0,0,0,26,0,3,63,111,28,1
c878,0,6,62,16,1,53,0,0,94,0,0,24,32,35,0,0,49,7,72
c879,28,32,0,5,2,72,2,115,0,0,0,0,5,0,0,30,76,15,0
c880,27,78,0,6,0,177,7,104,0,14,3,1,23,1,5,18,77,9,1
c881,63,100,119,27,22,167,5,3,50,0,0,106,84,162,0,1,73,19,57
c882,24,109,51,50,137,109,7,1,25,0,0,183,220,215,0,1,45,19,133
c883,12,25,25,3,15,122,3,0,65,0,0,39,32,50,0,1,30,11,129
c884,170,221,237,107,42,176,6,0,114,0,0,48,295,153,0,0,122,31,73
c885,82,390,32,39,102,97,8,85,24,49,13,31,234,40,96,94,178,36,78
c886,12,9,114,50,53,74,4,2,0,0,0,91,160,156,0,2,47,5,101
c887,4,18,1,1,0,62,0,46,0,16,13,0,18,0,0,25,44,15,0
c888,33,48,14,22,5,79,28,0,13,0,0,77,28,123,0,1,32,7,69
c889,35,196,126,28,79,316,15,43,106,6,1,151,156,148,7,18,91,42,90
c890,53,47,92,23,20,133,7,0,47,1,0,10,106,88,0,0,4,4,74
c891,29,43,1,2,0,226,0,62,0,68,31,0,88,0,68,80,42,21,0
c892,49,282,2,9,0,284,9,129,2,8,0,0,164,2,16,73,2,53,0
c893,13,142,42,44,59,50,22,0,73,0,0,88,124,173,0,0,29,11,45
c894,101,172,143,49,49,175,12,0,60,0,0,131,303,187,0,4,187,43,262
c895,13,4,114,26,14,94,2,0,49,0,0,26,67,24,0,2,104,2,51
c896,3,54,0,2,0,70,3,30,1,11,3,0,43,0,6,28,125,8,0
c897,45,189,117,84,81,163,5,0,91,0,0,92,212,178,0,1,24,9,194
c898,145,167,354,37,31,258,7,2,155,1,0,129,373,310,1,2,81,65,260
c899,30,220,143,65,46,104,9,1,110,0,0,127,110,135,0,3,153,36,132
c900,36,226,0,3,4,337,30,123,1,20,0,0,120,3,0,72,23,32,0
c901,45,270,0,10,1,315,10,157,1,20,4,0,101,0,55,70,63,13,1
c902,24,56,66,17,54,77,2,0,80,1,0,45,47,84,0,0,65,27,74
c903,102,209,3,6,0,411,49,155,0,24,32,0,47,4,4,52,88,9,1
c904,49,246,0,5,0,295,4,104,0,54,34,0,45,1,23,35,144,23,1
c905,25,53,1,4,0,264,16,178,1,2,0,1,44,1,6,44,2,14,0
c906,76,102,312,54,276,183,16,3,110,0,0,165,322,291,0,2,52,29,266
c907,38,115,24,36,49,112,13,0,17,0,0,31,58,155,0,1,69,12,71
c908,60,383,1,7,1,61,22,176,1,49,20,1,106,3,3,107,59,36,5
c909,57,74,1,1,0,177,9,128,2,0,1,0,103,3,4,91,70,17,1
c910,23,109,91,8,84,73,6,1,125,0,0,52,113,82,0,0,6,0,175
c911,6,66,42,31,40,235,62,1,17,0,0,74,17,85,1,0,66,7,47
c912,42,293,0,3,1,384,21,164,1,44,17,0,43,2,7,51,121,1,0
c913,69,320,0,7,0,314,10,223,0,33,39,0,79,1,46,92,137,33,0
c914,38,98,1,1,0,179,25,12,0,0,5,0,6,0,58,28,38,7,0
c915,1,21,76,23,25,10,3,0,28,0,0,7,0,0,0,0,0,0,6
c916,51,183,70,15,40,390,15,104,71,30,20,81,148,162,14,20,203,16,121
c917,7,75,105,5,41,124,4,0,147,0,0,62,89,72,0,0,5,2,252
c918,13,169,0,2,0,222,8,166,0,58,15,0,35,11,30,72,280,14,0
c919,23,110,124,27,8,49,28,3,188,0,0,87,191,127,0,3,130,8,45
c920,30,63,5,4,0,43,4,58,0,15,0,0,18,0,0,35,41,11,0
c921,42,92,0,5,1,109,45,48,3,13,3,0,36,0,0,64,119,20,0
c922,47,95,103,43,35,162,13,1,81,0,0,105,123,110,1,0,18,11,136
c923,13,62,0,1,0,117,11,56,1,4,4,0,26,1,6,56,73,9,0
c924,20,105,110,28,39,84,19,1,46,0,1,76,67,89,0,1,45,20,116
c925,57,71,122,16,12,79,2,0,26,0,0,54,112,118,0,0,35,3,119
c926,10,3,54,22,11,65,32,0,34,0,0,33,34,94,0,0,34,7,36
c927,43,197,4,13,0,350,2,63,0,82,10,1,64,4,19,111,324,64,0
c928,42,268,0,6,1,420,18,121,0,29,22,1,97,3,4,79,49,47,2
c929,40,23,164,72,25,192,9,3,38,0,0,121,98,95,1,1,78,16,113
c930,54,285,1,19,1,430,18,231,2,49,7,2,136,2,63,93,104,42,0
c931,0,109,145,0,45,0,23,0,0,0,0,88,13,160,0,2,30,25,161
c932,41,108,45,43,23,241,10,2,129,0,0,204,215,2,0,1,14,26,329
c933,3,76,0,5,1,153,6,19,3,4,0,0,27,1,2,17,66,5,0
c934,69,365,0,7,2,90,26,184,2,62,21,0,34,2,97,96,51,38,2
c935,21,16,19,34,1,77,8,0,56,0,0,72,46,101,0,0,76,2,38
c936,17,124,13,23,8,81,9,1,78,0,0,41,101,39,0,1,52,9,55
c937,28,151,0,9,0,50,26,91,0,6,1,1,11,0,1,36,118,22,1
c938,34,53,316,15,14,89,13,2,57,0,0,58,285,58,0,2,74,5,88
c939,18,272,2,3,1,351,22,114,10,48,32,0,78,3,26,48,105,21,2
c940,62,275,186,82,49,371,26,0,129,1,0,150,381,182,2,2,195,19,318
c941,31,181,1,5,0,290,7,202,0,40,32,0,62,0,58,72,136,6,0
c942,19,234,2,10,0,159,9,183,1,3,13,0,45,2,0,85,142,35,1
c943,42,60,0,1,0,214,16,36,0,36,6,1,63,4,8,30,56,24,0
c944,9,34,0,24,36,112,2,1,51,0,0,24,32,115,0,0,23,20,144
c945,3,36,0,3,0,68,2,25,0,15,4,1,26,0,37,8,70,13,2
c946,12,35,64,28,14,168,7,2,73,0,0,24,111,61,0,1,37,23,49
c947,15,74,104,42,27,81,9,2,107,0,0,103,16,51,0,0,64,6,169
c948,75,46,203,22,59,144,20,1,63,0,0,85,164,118,0,3,70,11,223
c949,62,123,219,63,33,287,14,3,243,0,0,269,250,411,1,2,199,43,271
c950,22,183,215,37,35,188,43,0,61,0,0,95,160,1,0,3,84,14,285
c951,42,72,4,4,0,313,13,211,2,27,3,1,115,0,6,83,207,17,1
c952,26,228,0,1,0,296,11,105,1,1,0,1,28,2,0,73,47,7,1
c953,61,316,1,14,3,251,54,171,0,106,55,1,6,2,75,73,142,111,0
c954,51,145,157,75,47,278,10,1,100,0,0,135,302,185,1,3,116,11,300
c955,54,39,109,53,69,123,1,1,26,0,0,86,228,136,0,0,48,7,111
c956,37,294,2,7,0,245,46,81,1,0,2,0,41,1,3,61,268,51,3
c957,4,120,135,36,34,188,25,0,87,0,0,93,136,80,0,1,105,25,336
c958,1,20,0,1,0,70,3,46,0,0,0,1,15,0,32,13,26,7,0
c959,0,89,1,63,0,1,2,0,1,29,14,104,117,0,36,1,0,0,146
c960,27,69,67,11,26,108,4,0,106,0,0,42,103,31,1,0,87,5,109
c961,11,31,93,12,36,70,2,0,1,0,0,31,59,160,1,0,17,6,94
c962,27,170,136,65,58,206,6,2,119,0,0,123,90,122,0,0,95,34,276
c963,10,194,236,45,73,80,28,3,83,0,1,66,122,103,1,4,163,27,64
c964,25,91,141,20,29,113,4,1,126,0,0,73,146,109,0,2,68,17,117
c965,36,47,87,39,55,170,79,5,71,1,0,77,161,155,0,1,142,6,126
c966,76,80,107,30,65,122,8,0,74,0,0,5,138,165,0,1,73,9,32
c967,72,266,152,59,79,92,37,2,77,0,0,152,324,114,0,2,82,30,222
c968,2,91,3,8,1,72,5,53,1,6,6,0,59,0,1,38,115,16,0
c969,35,64,198,20,26,120,52,1,54,0,0,87,154,66,0,0,72,23,98
c970,37,58,94,4,5,45,1,0,68,0,0,14,130,105,0,0,129,8,115
c971,26,249,1,1,1,221,16,59,0,16,15,0,146,1,0,86,123,15,1
c972,23,50,60,74,67,105,4,3,98,0,0,57,35,126,0,1,83,23,49
c973,39,161,92,76,162,215,17,1,131,0,0,143,231,268,0,3,32,110,194
c974,41,144,1,1,0,280,12,180,3,90,21,1,33,2,2,110,221,15,1
c975,57,171,4,6,1,500,5,261,1,45,39,2,101,4,64,203,26,34,0
c976,10,44,104,32,10,101,2,0,13,0,1,43,24,84,0,1,109,6,1
c977,12,122,109,10,19,154,0,1,85,0,0,82,87,41,0,1,48,10,119
c978,83,347,77,40,53,171,7,266,70,51,66,12,275,38,41,126,264,110,98
c979,10,134,0,8,1,137,11,42,0,8,2,0,11,2,13,50,77,22,0
c980,20,163,2,5,0,248,18,166,1,20,39,0,64,1,17,64,213,17,1
c981,17,124,2,6,1,122,1,94,0,6,7,0,0,1,4,32,16,9,0
c982,55,395,5,8,0,131,55,208,4,75,23,0,180,0,64,106,106,123,3
c983,48,146,166,114,51,224,16,0,49,0,0,82,141,54,0,1,55,25,167
c984,4,84,0,6,0,163,3,182,2,15,1,2,92,2,48,40,103,45,0
c985,25,57,74,2,67,66,4,0,70,0,0,40,26,0,0,1,43,4,91
c986,34,201,1,9,2,302,9,137,1,54,12,3,129,2,0,77,227,46,0
c987,43,131,2,4,3,165,5,124,0,6,0,0,79,0,0,66,190,21,4
c988,2,158,1,3,0,175,14,141,0,3,6,1,15,0,23,40,152,14,5
c989,11,108,106,37,5,105,5,2,79,0,0,53,65,33,1,1,18,6,139
c990,26,62,3,0,1,141,5,124,4,28,17,0,33,1,24,44,175,15,1
c991,8,73,163,17,12,91,35,2,78,0,0,29,111,91,0,1,100,10,164
c992,0,86,1,87,0,1,2,1,2,37,7,119,83,4,121,0,1,0,272
c993,9,99,32,16,6,99,11,0,67,0,0,57,138,0,0,1,107,3,122
c994,14,36,75,19,8,100,5,0,51,0,0,29,28,101,0,3,75,12,100
c995,28,3,197,67,23,176,31,0,127,0,0,29,142,0,0,1,61,3,92
c996,15,135,61,18,31,119,6,85,2,17,0,17,117,7,15,21,133,65,34
c997,14,78,70,31,20,117,12,1,133,0,0,66,100,76,0,2,131,7,142
c998,7,4,58,19,6,30,9,1,24,0,0,17,70,68,0,0,32,5,77
c999,55,268,0,9,0,342,29,115,0,48,5,0,256,2,13,120,68,61,1
c1000,20,45,129,29,14,57,8,0,42,0,0,50,75,53,1,0,57,5,119
c1001,39,134,0,5,0,197,9,43,1,32,7,0,29,2,29,56,124,13,2
c1002,95,186,174,46,18,63,1,2,87,0,1,108,278,213,0,1,159,23,307
c1003,39,108,0,1,1,84,0,62,0,22,24,0,49,1,5,33,11,8,0
c1004,20,27,105,35,8,85,5,1,65,0,0,48,75,118,0,2,65,2,64
c1005,17,74,152,42,115,141,5,0,119,0,0,31,85,28,0,0,58,12,274
c1006,58,145,47,36,5,234,7,116,49,14,3,25,80,92,15,48,96,37,60
c1007,48,211,0,7,0,182,7,265,1,40,18,0,59,3,2,75,361,13,2
c1008,13,160,1,5,1,160,17,94,0,24,24,1,42,0,0,23,116,3,0
c1009,35,205,0,6,2,57,7,227,2,61,12,1,53,4,51,84,186,16,0
c1010,36,7,28,24,1,127,4,1,16,2,0,23,92,82,1,2,36,3,117
c1011,9,237,0,11,0,215,5,256,0,23,17,1,123,2,42,41,125,20,1
c1012,19,184,1,8,0,211,22,184,1,24,10,0,18,1,1,39,57,25,0
c1013,79,177,193,43,33,222,44,3,121,0,0,187,341,269,0,0,81,39,249
c1014,22,79,73,19,107,100,9,2,42,0,0,72,68,42,0,0,55,13,122
c1015,9,168,0,7,1,336,11,262,0,80,41,0,59,1,17,45,64,19,0
c1016,3,240,2,5,1,224,13,81,1,6,10,1,57,3,1,66,68,15,1
c1017,8,155,2,10,0,127,4,161,0,33,0,0,68,1,0,60,202,12,3
c1018,79,69,128,91,10,169,4,2,124,0,0,62,125,152,0,0,67,4,175
c1019,60,140,2,4,0,162,15,137,1,41,23,0,61,1,59,49,77,34,0
c1020,19,249,1,12,0,261,15,146,0,31,2,0,42,0,11,63,169,18,2
c1021,57,10,78,16,9,69,2,0,53,0,0,33,80,93,0,0,23,19,66
c1022,9,24,65,22,36,67,37,0,43,0,0,51,46,55,0,1,27,1,58
c1023,47,287,70,21,9,254,36,67,63,19,24,58,94,88,39,42,19,55,39
c1024,107,327,3,82,118,139,10,0,2,0,2,94,78,0,0,0,0,0,0
c1025,60,94,191,36,10,1,0,1,148,0,0,107,179,243,0,2,129,16,10
c1026,9,27,91,56,37,96,8,1,47,0,0,43,67,1,0,0,52,10,64
c1027,32,96,0,8,0,121,2,88,0,43,9,0,36,0,0,58,35,30,0
c1028,23,51,3,40,28,86,16,0,47,0,0,76,46,166,0,0,38,5,85
c1029,34,78,133,30,37,81,1,1,129,0,0,58,148,50,0,2,106,14,215
c1030,108,168,11,46,3,46,23,0,89,0,0,62,133,161,1,0,89,4,116
c1031,29,294,0,11,0,350,20,230,1,59,28,1,58,3,45,128,463,33,2
c1032,2,27,1,0,0,78,30,11,0,13,2,0,27,0,0,20,69,11,0
c1033,81,70,3,7,0,72,4,44,0,77,67,0,79,0,0,58,7,15,0
c1034,7,25,36,33,31,45,0,5,43,0,1,38,85,181,0,0,26,24,67
c1035,30,127,119,36,35,193,12,2,54,0,0,46,228,117,0,1,68,13,57
c1036,26,315,3,9,0,262,7,212,0,25,40,0,62,3,3,115,207,63,8
c1037,35,22,97,26,53,71,11,0,38,0,0,44,137,77,0,2,5,8,18
c1038,56,113,8,26,10,73,4,0,68,0,0,72,111,30,0,0,55,12,73
c1039,69,111,117,18,13,175,11,1,84,0,0,81,70,119,1,1,32,11,122
c1040,25,89,80,8,9,146,8,2,57,0,0,41,80,10,1,2,35,5,70
c1041,79,425,0,12,1,537,9,328,1,0,0,1,100,4,35,133,139,35,2
c1042,29,79,44,59,29,57,6,0,57,0,0,43,17,159,1,0,67,6,119
c1043,8,60,21,12,15,86,1,0,41,0,0,0,47,47,0,1,67,3,43
c1044,5,150,0,6,1,18,8,284,0,0,5,0,82,4,50,104,92,20,4
c1045,17,192,138,33,26,158,18,4,76,1,1,103,88,177,2,0,165,22,181
c1046,11,44,122,36,63,61,12,2,0,0,0,72,40,159,0,1,0,0,196
c1047,15,47,36,18,16,37,0,0,61,0,0,82,57,144,1,0,77,4,191
c1048,32,140,220,70,33,100,20,11,125,0,0,73,131,96,0,2,146,12,318
c1049,28,80,12,31,33,75,1,0,14,0,0,32,78,75,2,1,78,4,23
c1050,11,190,1,0,0,119,7,82,1,21,16,0,51,1,14,6,133,4,1
c1051,26,82,70,14,27,61,15,0,2,0,0,25,31,1,0,0,28,1,44
c1052,55,205,0,8,1,284,10,143,1,16,16,0,71,2,30,37,92,22,1
c1053,46,66,218,36,76,173,7,32,92,0,0,84,142,282,0,3,158,65,244
c1054,13,231,1,8,0,295,21,191,0,55,32,1,33,0,19,19,84,54,3
c1055,8,32,74,35,9,38,4,1,108,1,0,57,67,75,0,1,25,3,47
c1056,13,130,0,4,1,39,1,68,0,0,0,0,30,0,40,21,56,14,0
c1057,12,49,56,28,9,31,6,0,73,0,0,35,58,89,0,2,30,2,106
c1058,30,35,80,32,8,36,4,2,65,0,2,31,49,56,0,1,75,7,121
c1059,33,115,145,23,42,126,6,2,54,2,1,75,193,105,0,0,22,12,140
c1060,98,262,282,67,73,276,18,3,59,0,0,210,260,348,1,1,81,27,281
c1061,7,69,130,49,33,78,8,1,67,0,1,72,66,63,0,3,56,2,15
c1062,62,81,225,12,7,120,2,2,182,0,0,68,96,174,0,2,19,11,252
c1063,21,27,0,4,1,169,2,110,0,4,11,0,16,0,29,24,74,26,0
c1064,36,156,1,9,0,238,68,194,0,29,12,1,18,1,35,38,111,9,1
c1065,41,44,90,4,2,163,6,0,42,0,0,1,58,96,1,1,79,11,134
c1066,5,97,0,12,0,108,3,105,1,5,10,0,15,0,0,27,74,8,0
c1067,19,198,0,2,1,281,16,76,0,18,34,0,46,0,12,36,141,46,4
c1068,88,301,3,21,0,389,20,155,3,68,24,0,59,0,26,106,69,40,2
c1069,9,58,98,27,44,10,8,1,24,1,0,36,74,94,0,0,54,4,29
c1070,19,66,138,22,67,129,7,2,58,0,0,69,85,0,0,1,116,25,24
c1071,31,96,0,4,0,120,3,60,0,17,10,0,31,0,0,19,64,2,0
c1072,7,86,1,1,0,53,6,34,1,65,15,0,106,0,0,41,66,4,2
c1073,37,95,77,34,66,186,22,0,53,0,0,154,178,154,0,0,169,26,145
c1074,41,194,1,4,1,358,12,142,0,60,29,1,85,2,14,97,102,18,3
c1075,46,126,3,8,0,368,11,249,1,88,9,1,46,1,1,33,203,58,1
c1076,107,337,2,13,0,262,2,208,0,54,39,0,141,8,20,120,62,72,8
c1077,50,48,1,9,0,140,53,131,2,0,0,0,16,0,1,103,97,28,0
c1078,59,340,2,8,2,403,29,231,0,32,6,0,88,2,16,157,128,109,0
c1079,3,39,4,1,3,69,8,86,2,6,1,0,35,1,32,7,71,4,5
c1080,54,181,1,9,0,265,4,223,0,6,4,1,94,1,8,64,208,27,1
c1081,7,55,25,10,5,88,17,0,53,0,0,39,97,56,0,3,20,7,107
c1082,3,24,0,3,0,117,3,15,2,0,0,0,12,0,1,17,29,67,0
c1083,47,172,1,6,0,351,7,172,2,0,0,0,72,2,74,129,84,49,2
c1084,0,142,0,4,0,79,18,34,2,35,3,0,15,3,0,33,118,14,0
c1085,4,18,32,18,12,24,2,1,14,0,0,5,17,90,0,0,39,2,62
c1086,13,54,163,16,10,92,6,0,6,0,0,0,90,89,1,0,46,17,46
c1087,9,158,0,3,1,128,1,80,3,0,0,0,14,0,30,19,125,19,2
c1088,71,290,1,19,1,370,9,249,0,58,14,1,75,2,119,157,175,107,3
c1089,11,100,138,36,36,43,3,0,60,0,0,83,91,160,0,1,122,18,125
c1090,96,324,0,3,1,301,6,120,0,36,1,1,87,2,11,91,134,32,5
c1091,26,79,194,22,38,142,4,0,143,0,0,74,103,140,0,2,138,5,182
c1092,4,112,1,4,0,45,2,71,1,23,9,0,37,0,0,11,64,12,1
c1093,19,74,0,1,0,71,9,58,0,21,12,0,13,0,0,14,24,7,1
c1094,94,405,4,15,1,585,21,162,0,82,46,1,156,2,4,93,217,34,7
c1095,25,127,0,2,0,155,10,125,1,15,10,1,27,1,6,73,42,14,3
c1096,12,8,28,22,5,31,10,0,61,0,0,8,30,70,0,1,31,3,37
c1097,72,374,1,8,0,339,2,193,3,97,81,0,38,2,31,47,68,14,1
c1098,85,51,158,6,16,119,4,1,15,0,0,52,124,41,0,1,66,13,179
c1099,17,130,0,11,0,179,0,29,0,37,0,0,13,0,1,55,46,8,1
c1100,17,75,0,0,0,19,9,152,0,17,15,1,26,0,12,44,55,32,1
c1101,17,49,0,1,0,51,1,66,0,11,2,0,33,0,2,20,17,16,0
c1102,27,152,4,7,0,210,25,116,1,18,7,1,21,0,43,50,146,22,2
c1103,26,105,140,40,11,193,19,2,60,3,0,56,124,202,0,1,82,7,163
c1104,20,140,222,30,28,163,16,3,94,0,0,60,97,217,0,1,153,56,137
c1105,73,259,3,13,1,456,13,209,0,41,50,0,35,6,44,117,112,44,2
c1106,4,29,49,0,6,20,1,2,29,0,1,0,63,18,0,1,59,4,78
c1107,27,261,3,8,1,270,51,223,0,19,11,0,53,0,13,98,245,38,6
c1108,22,71,67,22,24,75,4,0,35,0,0,89,113,119,0,0,59,4,190
c1109,97,261,0,6,0,125,51,151,0,41,46,0,138,3,25,20,46,13,3
c1110,25,24,69,1,32,140,13,0,0,0,0,70,78,229,0,2,46,33,39
c1111,42,239,2,6,1,346,19,240,0,60,32,0,162,3,67,38,63,32,1
c1112,11,24,113,19,0,92,19,4,34,0,0,38,83,70,0,0,72,0,31
c1113,69,142,172,43,56,147,3,0,73,0,0,100,128,73,1,1,72,56,59
c1114,0,1,0,20,0,0,4,0,0,0,0,178,43,1,44,1,0,0,98
c1115,0,43,0,1,0,140,3,91,0,1,1,0,28,0,31,55,10,7,2
c1116,38,229,86,24,83,266,6,64,65,38,2,81,238,186,14,31,106,45,62
c1117,70,176,218,64,45,201,3,0,207,0,0,96,159,150,0,3,102,9,159
c1118,2,29,39,7,10,90,1,0,157,0,0,87,181,62,0,0,101,2,73
c1119,53,145,2,12,0,78,5,91,0,20,0,0,37,0,0,25,6,16,0
c1120,5,101,2,9,0,439,46,62,1,56,71,0,85,1,84,26,96,12,1
c1121,11,109,0,1,0,165,12,78,3,5,21,0,53,2,0,69,114,56,1
c1122,27,233,3,2,0,331,12,47,1,57,3,0,90,1,25,62,128,24,2
c1123,3,127,191,21,24,179,11,3,90,0,0,119,76,108,0,1,110,9,61
c1124,21,124,94,39,41,32,4,2,64,0,0,31,143,109,0,2,51,12,228
c1125,0,71,19,84,1,1,7,2,0,63,23,218,137,4,73,1,1,0,450
c1126,0,56,3,100,0,0,42,4,0,26,7,259,154,2,68,1,1,0,302
c1127,78,215,188,41,39,294,5,0,209,0,0,209,325,444,1,6,227,39,354
c1128,23,198,12,4,1,138,4,154,2,41,25,1,42,0,0,37,17,10,1
c1129,9,172,0,9,0,228,113,200,0,55,31,1,95,2,1,110,9,34,0
c1130,1,66,1,4,0,65,16,61,0,16,4,0,4,1,32,31,100,3,0
c1131,29,117,1,5,0,245,13,148,0,19,17,0,17,0,1,58,183,8,5
c1132,31,104,100,85,126,58,15,2,157,0,0,164,221,152,2,0,122,70,214
c1133,59,113,2,6,0,149,3,114,1,0,0,0,84,2,12,81,75,38,0
c1134,41,116,111,36,65,60,49,1,150,0,0,165,69,187,0,2,143,33,43
c1135,48,152,0,19,0,355,6,134,1,53,27,0,73,2,15,93,30,24,1
c1136,10,55,0,4,1,77,7,104,2,10,0,0,53,1,0,11,20,16,0
c1137,6,33,68,45,51,68,20,0,98,0,0,65,46,121,0,1,105,18,44
c1138,9,14,16,42,8,61,1,1,21,0,0,57,85,97,0,1,59,10,64
c1139,11,129,2,10,1,224,10,63,1,20,39,2,137,2,1,104,134,16,1
c1140,29,81,3,3,1,85,5,76,0,0,0,0,27,0,0,33,49,3,0
c1141,8,40,0,1,0,38,1,44,0,0,0,0,20,0,4,28,83,7,0
c1142,122,227,102,27,44,184,5,111,51,42,35,59,183,125,8,75,156,85,43
c1143,7,44,79,3,32,32,6,0,30,0,0,34,10,62,0,1,33,21,5
c1144,44,63,75,10,16,116,2,0,18,0,0,44,94,164,0,2,46,21,75
c1145,24,201,0,3,1,82,0,179,1,108,43,1,86,1,105,64,105,50,4
c1146,47,207,1,4,0,336,43,91,1,64,8,1,50,1,1,63,212,35,5
c1147,38,257,2,13,1,465,6,355,1,46,16,0,222,1,14,65,153,16,3
c1148,25,106,217,81,78,169,9,4,61,0,0,40,187,209,0,3,124,27,179
c1149,50,83,127,21,29,96,28,0,105,0,0,125,145,128,0,0,98,14,153
c1150,46,123,143,33,48,220,5,3,94,0,0,73,366,158,0,3,88,85,164
c1151,22,76,1,7,0,6,12,82,0,41,7,21,13,0,0,26,142,18,0
c1152,58,184,1,6,0,296,7,168,0,42,52,0,56,3,2,42,111,14,1
c1153,11,83,65,27,19,164,11,1,29,0,0,25,127,179,0,1,28,13,79
c1154,51,167,83,32,38,283,7,111,49,9,11,55,72,85,5,25,150,11,58
c1155,45,57,0,1,1,92,1,57,0,9,0,0,4,1,0,57,75,4,0
c1156,15,166,2,4,1,236,2,60,0,33,7,0,19,0,5,42,49,17,1
c1157,26,198,0,10,1,276,5,111,0,30,18,0,96,0,18,30,115,38,2
c1158,24,72,156,22,36,163,34,0,130,0,0,116,83,44,1,1,68,6,72
c1159,7,33,47,9,33,107,2,1,49,0,0,49,86,40,0,0,51,17,29
c1160,7,59,70,9,15,61,2,1,40,0,0,12,37,118,0,0,13,2,0
c1161,19,191,0,4,1,124,3,38,2,2,1,0,22,1,1,44,92,4,1
c1162,48,0,95,72,40,53,5,0,87,0,0,82,121,100,2,1,22,4,133
c1163,27,50,92,23,37,38,3,2,25,0,0,26,25,156,1,0,126,15,111
c1164,16,91,2,12,0,40,2,42,1,0,0,0,107,0,0,29,97,25,0
c1165,70,382,1,7,0,221,3,125,3,0,0,2,77,0,0,108,66,50,1
c1166,84,294,223,42,178,232,5,1,305,0,0,274,499,276,1,3,128,113,380
c1167,31,149,1,6,1,339,8,89,0,14,8,0,19,0,10,102,7,15,0
c1168,16,89,136,17,29,93,5,0,42,0,0,47,80,127,0,1,9,7,95
c1169,17,65,109,23,2,107,3,1,104,0,0,47,114,164,0,0,16,8,119
c1170,103,145,37,67,53,229,68,12,73,26,19,122,378,74,49,35,19,98,153
c1171,59,190,1,6,0,274,10,94,2,24,9,0,70,0,1,88,148,18,1
c1172,51,194,1,3,3,405,13,166,1,1,0,1,180,3,57,2,183,107,1
c1173,6,65,158,19,36,70,6,1,22,0,0,149,83,150,0,0,3,13,9
c1174,22,20,94,14,16,136,3,1,30,0,0,31,61,80,0,1,38,17,88
c1175,22,83,127,21,11,151,8,0,28,0,0,92,77,141,1,5,112,5,181
c1176,36,175,1,5,0,182,18,142,0,18,1,0,138,1,4,78,101,19,2
c1177,14,58,144,30,15,196,9,3,88,0,0,102,86,102,0,1,187,32,143
c1178,12,279,0,5,0,290,17,63,3,23,0,0,33,0,20,46,113,16,1
c1179,48,56,27,38,54,114,5,0,24,0,0,60,117,86,1,2,37,17,21
c1180,13,81,0,2,0,124,1,105,1,15,3,0,26,0,6,35,11,7,0
c1181,0,51,0,57,0,2,3,0,0,128,91,252,247,2,22,2,0,0,141
c1182,12,133,1,10,0,190,30,143,3,36,5,0,38,0,49,29,101,20,0
c1183,7,171,0,1,0,86,1,22,1,26,0,0,54,0,15,47,76,6,0
c1184,3,39,0,5,0,219,3,59,0,24,24,2,45,2,2,60,41,41,1
c1185,5,57,0,4,2,254,1,122,5,39,17,0,24,1,20,100,191,19,0
c1186,52,370,2,8,1,258,47,198,1,65,59,0,78,0,78,97,23,102,2
c1187,10,48,109,14,13,112,24,1,71,0,0,35,30,57,0,0,82,2,86
c1188,13,83,157,6,9,106,8,0,149,0,0,52,101,143,0,2,101,13,25
c1189,49,30,79,4,10,28,1,0,48,0,0,8,74,22,0,0,32,8,65
c1190,9,71,9,34,119,106,4,3,71,13,0,67,47,102,0,1,79,14,87
c1191,3,55,59,36,34,96,19,2,39,0,0,20,44,62,1,0,103,4,78
c1192,7,118,0,3,0,55,7,68,0,12,3,0,45,1,0,25,64,8,0
c1193,75,99,205,60,61,192,25,1,137,1,0,144,257,342,0,5,96,26,137
c1194,23,92,85,22,12,77,12,0,104,1,0,27,143,154,0,0,39,0,70
c1195,27,166,1,1,0,99,0,0,0,35,8,0,0,0,3,34,128,34,0
c1196,0,10,73,3,5,21,5,0,22,0,0,23,16,34,0,1,33,4,45
c1197,26,133,1,6,4,364,6,67,1,16,1,0,74,0,0,75,132,45,1
c1198,12,34,64,13,21,60,5,0,35,0,0,0,98,43,1,1,35,6,74
c1199,48,173,2,13,0,44,4,221,0,31,21,0,63,2,1,38,225,40,0
c1200,46,226,1,4,0,148,6,92,15,0,1,1,19,1,18,38,114,40,0
c1201,15,93,178,67,14,151,3,2,109,1,0,26,150,101,0,2,79,6,57
c1202,91,66,1,10,0,238,3,108,0,26,16,1,93,0,44,29,58,29,1
c1203,28,294,3,7,0,276,9,214,0,28,8,1,30,0,88,116,361,76,2
c1204,32,139,76,37,24,233,8,1,59,5,1,52,175,112,0,2,92,4,114
c1205,5,40,1,5,0,173,4,132,1,0,13,0,64,0,0,49,124,20,0
c1206,10,41,103,28,25,106,10,1,37,0,0,6,134,107,0,1,148,11,223
c1207,43,200,1,10,1,229,6,200,4,64,21,0,46,2,95,128,66,15,1
c1208,22,256,3,9,0,196,8,148,0,48,35,1,33,3,7,53,105,7,0
c1209,3,223,3,8,0,132,9,155,2,25,0,0,59,0,40,100,32,25,2
c1210,0,127,3,118,0,0,10,4,1,64,62,348,239,0,130,1,0,0,351
c1211,32,329,0,5,1,240,9,186,2,19,26,0,115,3,11,58,256,72,6
c1212,65,72,137,25,48,126,8,1,14,0,0,122,337,112,0,1,50,18,256
c1213,35,76,0,4,0,112,7,62,0,25,29,0,32,0,80,18,72,6,0
c1214,2,21,56,6,30,3,6,0,27,0,0,16,17,21,1,0,39,5,32
c1215,39,21,145,11,7,118,2,0,29,0,0,29,53,7,0,0,49,15,147
c1216,27,167,2,2,1,163,5,108,0,27,25,0,49,4,4,27,120,9,1
c1217,16,7,37,12,9,11,1,9,4,2,1,6,34,27,1,3,35,15,21
c1218,69,275,4,13,0,636,37,251,4,107,66,3,203,3,23,130,244,75,2
c1219,7,104,167,17,4,210,1,2,0,0,1,38,93,136,0,1,15,8,103
c1220,48,41,0,3,0,148,8,79,0,36,27,0,129,1,73,46,105,13,0
c1221,10,76,1,0,1,189,5,55,0,5,17,0,19,0,0,26,134,20,0
c1222,30,73,1,4,0,132,48,89,0,0,0,0,26,0,0,44,74,14,0
c1223,84,499,4,24,7,328,22,215,4,140,66,0,197,1,28,183,5,99,1
c1224,8,76,1,8,0,96,0,182,0,81,9,0,26,0,64,34,106,28,0
c1225,12,44,1,5,2,118,0,58,0,38,14,0,30,1,77,25,85,47,1
c1226,7,159,1,7,1,189,12,103,1,28,15,0,50,0,4,47,114,22,0
c1227,9,76,1,1,0,140,8,87,1,0,7,1,11,0,0,48,5,4,1
c1228,1,78,87,24,26,160,53,1,74,1,0,112,53,205,0,0,75,5,59
c1229,10,116,2,4,0,142,4,209,6,34,6,0,39,0,20,64,119,19,0
c1230,90,502,0,16,0,398,9,191,0,44,98,2,195,4,138,72,152,19,0
c1231,11,96,0,7,1,185,1,102,4,36,11,2,20,3,0,44,117,37,1
c1232,7,43,115,29,74,119,10,2,52,0,0,30,72,96,1,4,146,16,96
c1233,47,192,1,5,1,251,3,100,1,57,36,0,139,3,39,30,133,28,1
c1234,3,62,0,0,1,141,2,83,0,23,12,0,15,0,3,13,52,0,0
c1235,73,333,2,6,0,341,3,170,2,21,29,0,53,2,1,78,229,69,8
c1236,24,320,0,9,0,247,17,138,2,25,39,0,144,0,2,88,196,15,1
c1237,7,55,50,28,12,86,31,2,36,0,0,24,132,71,0,0,16,14,38
c1238,0,23,0,70,1,0,6,0,0,14,2,76,147,0,43,0,1,0,239
c1239,32,119,7,8,0,203,5,90,2,24,0,0,48,1,1,83,160,19,2
c1240,67,153,2,6,0,348,13,154,1,0,6,0,58,0,0,49,173,62,0
c1241,32,122,28,33,3,166,24,70,88,0,1,66,82,95,24,33,16,21,60
c1242,34,108,140,65,8,131,0,0,22,0,0,113,332,148,0,0,49,13,78
c1243,39,155,195,19,1,110,7,0,43,0,0,2,94,84,0,0,69,11,71
c1244,12,26,109,31,9,47,22,0,116,0,0,40,50,116,0,2,86,10,71
c1245,15,57,63,9,9,111,1,0,11,0,0,23,15,63,0,0,30,3,49
c1246,0,35,2,0,1,46,2,40,0,1,4,0,11,0,0,20,77,23,0
c1247,66,166,0,3,0,131,6,118,1,32,0,2,87,1,37,70,161,12,0
c1248,6,212,1,4,4,195,4,83,0,32,20,0,38,0,3,66,185,40,1
c1249,64,104,172,68,33,306,16,5,111,0,0,125,293,325,0,1,75,38,253
c1250,66,142,107,35,39,185,11,1,32,0,0,72,163,175,0,2,115,19,117
c1251,0,134,145,10,2,137,3,0,48,0,0,103,96,72,0,0,52,15,28
c1252,15,37,88,16,9,26,3,0,113,0,0,40,84,154,1,1,131,8,86
c1253,21,16,211,33,50,62,1,0,47,0,0,173,91,72,0,1,57,37,127
c1254,37,215,1,6,0,133,7,155,0,48,23,0,35,4,82,75,127,23,2
c1255,36,73,227,62,43,322,2,1,41,0,0,81,195,181,0,0,104,43,34
c1256,4,28,127,11,88,32,0,0,28,0,1,118,5,85,0,0,72,13,160
c1257,73,130,68,34,20,156,14,3,166,0,0,131,248,262,1,0,125,28,96
c1258,18,36,121,25,20,40,2,0,44,0,0,119,85,116,0,1,79,16,27
c1259,81,210,308,104,106,227,13,1,95,0,0,102,315,335,0,2,168,57,262
c1260,26,166,2,12,0,490,5,203,1,44,18,1,157,1,30,113,87,149,1
c1261,5,78,0,0,0,36,1,47,1,50,0,0,15,0,0,51,66,98,0
c1262,19,23,121,10,20,112,6,1,9,0,0,34,94,32,0,1,46,11,86
c1263,21,76,4,4,0,341,8,246,0,0,0,0,39,2,104,78,186,58,3
c1264,52,177,108,116,42,154,5,3,47,0,0,109,289,214,0,1,128,10,117
c1265,30,188,0,5,1,237,7,85,0,6,16,3,33,0,0,12,72,7,1
c1266,39,158,0,0,1,11,10,97,1,67,30,0,18,0,0,19,233,26,1
c1267,18,29,54,22,5,142,15,2,88,0,0,34,89,76,0,1,22,2,40
c1268,1,26,76,31,12,68,3,1,69,0,0,0,48,88,0,13,56,0,112
c1269,7,54,1,4,0,152,3,170,2,33,10,0,14,0,7,70,230,10,3
c1270,15,42,222,46,59,189,8,2,70,1,0,72,208,181,0,1,74,6,64
c1271,0,10,53,7,41,41,5,2,28,0,0,0,89,61,0,0,107,2,182
c1272,24,114,160,69,44,149,18,0,47,0,0,84,137,202,0,0,64,25,168
c1273,0,105,0,72,0,0,29,1,1,40,24,177,200,2,3,2,3,0,199
c1274,10,46,121,25,26,99,4,1,84,0,0,74,110,145,0,1,77,24,128
c1275,30,94,145,29,36,128,3,0,109,0,0,106,113,146,1,1,37,24,132
c1276,23,183,0,4,1,64,4,136,0,46,34,0,79,3,0,104,9,32,0
c1277,27,148,1,7,0,314,5,198,1,0,17,0,62,3,1,99,132,36,4
c1278,40,116,1,4,0,146,12,88,1,38,15,1,11,0,12,36,127,13,7
c1279,55,289,3,11,0,370,18,208,2,33,47,1,68,1,46,63,248,9,0
c1280,42,140,125,80,46,132,18,2,39,0,0,99,207,152,0,5,151,31,145
c1281,124,96,228,32,31,190,23,3,202,0,0,162,275,249,0,2,109,25,222
c1282,47,174,0,5,2,162,8,240,1,34,4,0,75,0,126,86,97,32,2
c1283,6,27,24,17,31,60,7,0,48,0,0,19,38,36,0,1,51,61,50
c1284,73,243,228,71,24,58,21,1,183,0,0,77,184,166,0,1,86,9,241
c1285,69,52,225,62,20,21,5,3,103,0,1,92,115,150,1,2,143,17,107
c1286,139,350,1,9,2,496,14,266,11,148,19,0,268,2,0,136,199,62,6
c1287,66,111,105,15,12,58,11,70,72,21,13,57,96,122,24,40,55,23,106
c1288,17,45,108,5,11,64,1,0,71,0,0,29,10,1,0,0,56,5,102
c1289,46,124,243,10,41,193,17,2,98,2,1,20,195,157,0,1,40,14,124
c1290,26,154,3,4,1,175,42,160,0,12,47,0,38,3,10,42,142,15,0
c1291,101,58,215,46,26,281,18,1,128,0,1,120,158,59,2,0,85,9,92
c1292,41,113,4,7,0,227,11,114,0,12,15,0,20,0,7,25,108,20,0
c1293,28,203,2,11,0,305,5,109,0,26,15,2,106,3,53,29,119,9,1
c1294,10,38,54,19,28,134,8,1,47,0,0,63,36,68,1,1,40,38,26
c1295,6,56,31,10,9,182,2,0,58,0,0,60,92,123,0,1,39,19,21
c1296,13,197,1,1,0,200,9,126,0,42,19,0,29,0,4,97,258,22,1
c1297,32,144,0,6,0,177,8,189,0,33,50,0,12,4,35,87,232,50,0
c1298,86,416,3,16,0,10,18,160,0,70,29,0,116,1,0,59,68,41,3
c1299,114,288,4,20,1,181,17,101,1,0,45,0,190,1,113,90,191,41,7
c1300,1,119,1,3,2,92,1,132,0,19,5,0,49,0,0,28,62,15,2
c1301,11,64,84,37,24,46,7,0,59,0,0,73,42,128,0,0,47,13,37
c1302,76,246,1,7,0,301,16,127,1,60,20,1,85,5,0,101,191,34,15
c1303,5,61,0,1,0,53,2,46,0,7,1,0,14,1,1,24,54,14,0
c1304,29,101,145,18,80,59,12,1,110,0,0,87,52,110,2,0,133,9,78
c1305,7,9,25,32,22,53,4,0,94,0,0,14,97,70,0,0,88,1,74
c1306,78,251,2,12,1,93,12,137,1,51,24,1,70,0,24,78,193,30,0
c1307,19,214,49,26,19,0,8,54,143,0,0,39,130,138,1,21,139,26,68
c1308,13,108,190,63,24,66,7,1,113,0,0,63,86,174,0,0,69,5,178
c1309,7,51,80,89,29,190,3,1,100,0,0,171,122,137,1,2,156,62,194
c1310,5,97,0,6,2,214,5,86,1,26,7,0,25,0,7,40,90,25,2
c1311,13,47,0,9,0,108,0,63,1,6,5,0,7,1,11,27,74,6,0
c1312,32,58,87,28,22,179,24,1,128,0,0,106,91,105,0,0,82,8,145
c1313,27,182,4,8,0,11,21,163,1,54,24,0,97,1,167,60,214,73,4
c1314,58,79,149,58,45,107,44,1,62,0,0,92,186,67,0,2,114,8,103
c1315,12,140,0,3,0,40,12,40,0,0,0,0,5,0,30,34,86,26,0
c1316,44,261,0,4,0,350,33,110,1,127,56,2,146,1,119,61,18,24,1
c1317,59,73,69,22,45,116,0,1,82,0,0,42,35,56,0,2,57,3,81
c1318,48,254,0,9,0,267,5,213,0,60,19,1,58,1,4,79,206,105,1
c1319,44,48,56,37,13,118,10,1,20,0,2,30,108,7,0,0,136,3,75
c1320,15,49,84,7,66,44,10,2,65,0,0,35,78,24,0,0,36,24,28
c1321,37,14,98,53,23,10,26,0,147,0,0,50,146,146,0,2,82,5,196
c1322,0,80,4,67,1,1,6,0,1,43,17,219,218,6,32,1,0,0,362
c1323,9,90,104,31,58,96,13,0,25,0,0,31,167,221,0,2,86,8,112
c1324,43,273,0,10,5,199,24,118,0,87,15,0,81,3,41,42,5,70,1
c1325,21,87,1,2,0,167,5,169,0,0,0,0,35,0,0,9,96,20,1
c1326,13,209,2,0,0,333,15,134,8,31,14,0,44,1,5,72,244,25,0
c1327,21,170,2,7,0,256,4,134,1,4,0,0,193,3,5,95,218,47,1
c1328,24,133,137,18,6,95,17,1,25,0,0,139,188,141,2,1,98,18,264
c1329,14,48,2,8,0,285,5,37,1,0,0,0,14,0,10,37,12,26,1
c1330,14,119,3,5,2,310,27,177,2,33,18,0,52,0,4,46,36,36,1
c1331,3,103,3,3,1,162,21,183,1,0,0,0,9,1,0,34,36,21,1
c1332,34,168,1,4,0,81,10,149,0,58,17,0,99,1,59,43,80,15,0
c1333,14,129,119,50,16,68,6,0,90,0,0,76,229,110,0,2,54,19,83
c1334,26,10,152,50,48,172,50,0,81,0,0,66,269,264,1,1,107,27,166
c1335,12,169,0,9,0,216,7,86,1,17,23,2,51,0,0,23,221,74,0
c1336,54,97,75,51,9,162,5,1,20,0,0,97,129,304,0,0,53,39,212
c1337,32,174,1,7,0,192,10,210,1,45,13,0,40,0,0,64,88,21,17
c1338,52,170,79,18,16,116,9,0,28,0,0,28,154,0,1,0,67,8,31
c1339,188,89,385,80,113,135,41,1,230,0,0,172,484,339,1,1,51,31,300
c1340,77,233,226,90,55,281,12,2,28,0,0,78,397,91,1,1,151,31,257
c1341,23,221,0,8,2,318,14,202,2,31,7,0,1,1,21,35,135,14,1
c1342,1,1,196,0,0,180,0,1,107,0,0,0,61,0,1,0,69,0,0
c1343,24,100,126,93,42,194,25,0,95,0,0,106,165,229,2,1,84,20,10
c1344,45,85,124,22,0,2,0,1,0,0,0,0,0,1,0,0,0,11,0
c1345,0,9,4,22,0,1,0,0,0,15,4,117,48,1,43,0,0,1,94
c1346,65,178,155,69,23,226,27,1,131,0,0,77,203,234,0,0,100,3,344
c1347,6,59,96,20,29,193,2,0,68,0,0,88,86,101,0,2,38,4,98
c1348,26,27,48,11,16,77,6,1,20,0,0,30,124,110,0,0,38,3,20
c1349,35,36,166,12,11,94,10,1,69,0,0,28,130,50,0,0,55,6,64
c1350,21,36,93,9,1,89,8,0,86,0,0,3,94,41,0,1,54,6,46
c1351,15,159,3,3,1,54,51,123,1,0,0,0,64,0,104,81,200,9,1
c1352,66,226,90,43,30,182,6,4,27,0,0,110,259,154,0,1,114,52,143
c1353,8,43,192,21,36,90,2,2,64,0,0,26,65,143,0,3,18,11,40
c1354,50,59,89,16,36,164,39,3,44,2,0,29,115,113,0,0,52,7,195
c1355,73,16,115,25,25,114,27,1,95,1,0,119,41,55,0,1,3,22,155
c1356,11,80,118,29,46,95,1,2,106,0,0,68,109,202,0,1,73,12,135
c1357,14,168,1,6,0,268,13,235,0,45,20,0,94,2,16,59,22,55,0
c1358,29,63,192,43,10,97,8,0,98,0,0,28,78,96,0,2,79,12,26
c1359,6,130,0,10,1,43,8,151,0,10,17,0,28,0,1,60,38,39,1
c1360,21,150,0,6,0,155,11,95,1,15,10,0,64,1,46,40,246,19,2
c1361,49,318,0,7,1,396,14,173,1,0,28,1,110,0,0,80,13,15,1
c1362,44,124,0,0,0,229,9,83,1,12,0,0,56,0,23,32,79,12,0
c1363,2,69,1,0,0,68,1,30,1,0,0,0,90,1,1,81,103,22,3
c1364,4,69,1,11,0,126,15,67,0,3,26,0,21,0,0,60,133,10,0
c1365,38,270,0,5,0,180,10,139,2,54,9,3,21,2,26,64,25,7,0
c1366,20,38,105,48,15,62,3,0,37,0,0,34,55,89,0,0,58,47,109
c1367,5,51,0,1,0,117,0,38,0,16,6,0,11,1,3,36,63,24,0
c1368,17,173,0,3,0,272,2,63,2,9,3,1,67,0,6,53,63,9,0
c1369,31,136,1,10,0,268,10,133,3,3,12,0,29,2,9,37,149,27,2
c1370,5,16,65,2,13,48,5,1,59,0,0,50,19,128,0,0,31,5,12
c1371,1,40,1,1,1,125,1,32,1,2,0,0,53,0,30,45,23,13,2
c1372,79,197,1,7,1,375,1,167,1,77,27,2,58,3,0,102,183,26,2
c1373,28,115,155,50,30,89,12,1,60,0,0,74,106,151,0,0,68,5,107
c1374,20,157,0,5,0,147,10,59,0,51,12,0,58,0,0,34,83,15,1
c1375,7,133,0,3,0,230,8,4,0,4,0,0,131,1,45,70,179,14,1
c1376,88,221,222,82,60,179,17,0,132,0,0,105,268,288,0,2,38,17,373
c1377,63,187,117,23,52,144,7,2,124,1,0,14,130,143,0,4,75,15,132
c1378,25,111,74,82,13,243,7,0,78,0,0,72,90,92,0,0,83,1,140
c1379,18,82,2,4,1,141,3,76,0,10,4,0,57,1,35,53,168,17,0
c1380,14,62,36,27,2,39,1,0,85,0,0,69,19,109,0,1,28,1,23
c1381,15,13,0,2,0,156,1,18,0,37,0,1,66,0,0,11,80,12,1
c1382,36,223,2,5,0,195,5,90,2,29,23,2,39,3,47,37,181,12,2
c1383,56,273,2,4,1,71,22,289,2,47,34,0,71,0,0,117,194,43,0
c1384,9,201,0,6,0,263,6,86,2,34,6,0,42,0,123,57,96,73,5
c1385,4,102,2,1,0,95,10,119,0,18,7,0,44,0,3,20,64,48,2
c1386,4,28,36,10,11,104,1,1,59,0,0,84,80,64,0,3,71,13,12
c1387,37,267,0,3,0,202,4,57,1,0,0,0,62,0,2,33,7,28,0
c1388,36,124,13,4,2,25,35,60,1,8,0,0,55,1,40,51,148,13,2
c1389,39,38,0,5,1,211,5,52,2,9,14,0,29,2,73,15,145,10,1
c1390,28,266,4,8,0,306,6,159,0,0,0,0,90,3,0,87,163,13,0
c1391,61,197,0,4,1,295,14,156,0,30,20,2,35,0,10,27,50,15,0
c1392,13,106,122,24,38,109,2,0,57,0,0,46,58,53,0,1,52,6,132
c1393,15,29,59,17,5,108,6,0,65,0,0,19,93,52,0,0,39,2,43
c1394,5,108,0,1,0,102,4,42,0,25,4,0,27,0,11,26,80,3,0
c1395,29,117,178,88,28,143,7,1,10,0,0,107,209,197,0,3,69,7,177
c1396,51,300,1,5,0,316,17,146,2,50,21,1,71,0,0,48,158,17,2
c1397,17,72,32,16,6,91,18,34,5,5,4,12,44,13,24,52,128,10,23
c1398,35,136,84,63,25,141,7,0,69,0,0,91,152,46,0,1,86,24,188
c1399,49,275,3,12,0,481,11,184,0,70,59,1,100,0,62,40,94,32,0
c1400,11,83,57,38,116,104,24,1,80,0,0,67,70,98,0,2,94,12,174
c1401,0,18,1,29,2,2,5,2,0,25,12,43,74,0,12,0,4,0,129
c1402,153,302,405,86,231,329,21,0,141,0,1,233,397,207,0,5,186,79,392
c1403,28,80,119,1,1,33,9,1,98,0,1,69,70,50,0,0,8,0,69
c1404,49,78,155,53,52,150,7,1,117,0,0,83,154,186,0,1,74,51,132
c1405,2,7,0,1,0,54,8,58,0,0,0,0,6,0,2,22,50,2,0
c1406,80,60,0,8,0,237,4,86,4,0,0,0,133,1,0,78,175,32,2
c1407,60,130,53,27,46,136,21,9,101,0,0,49,167,82,0,4,86,20,183
c1408,19,308,0,11,0,368,40,192,1,23,19,0,53,1,38,48,119,59,2
c1409,2,20,1,2,1,74,1,35,0,7,6,0,10,0,6,17,82,26,0
c1410,75,171,2,13,0,369,0,137,0,26,31,1,62,2,96,68,150,16,1
c1411,18,253,2,7,1,314,7,155,1,56,29,0,133,1,17,65,217,290,0
c1412,19,152,0,9,1,56,6,155,0,22,10,0,54,0,0,49,161,17,1
c1413,16,40,102,41,24,61,25,2,99,2,0,96,41,34,1,0,242,7,135
c1414,58,216,90,81,84,289,8,4,130,0,0,133,227,230,1,2,185,28,306
c1415,7,36,52,7,73,102,3,0,34,0,0,29,21,56,0,0,49,3,52
c1416,7,79,108,56,58,128,3,2,23,0,0,71,73,76,0,1,35,4,99
c1417,21,181,0,3,1,28,40,127,1,28,8,1,60,0,0,53,84,25,0
c1418,3,78,21,11,23,44,2,0,48,0,0,40,69,37,0,0,38,10,30
c1419,10,14,106,45,9,105,12,0,10,0,0,84,113,76,1,3,63,2,32
c1420,27,30,124,11,21,70,2,1,53,0,0,19,134,62,0,1,43,42,131
c1421,114,430,0,9,1,500,12,125,2,101,16,2,113,1,1,98,313,24,2
c1422,41,59,213,14,56,67,4,0,6,0,0,92,100,110,0,0,7,26,184
c1423,40,226,2,8,1,341,7,132,0,46,20,0,105,0,27,38,38,38,1
c1424,6,36,0,5,0,164,5,18,0,2,0,1,0,0,0,14,102,6,0
c1425,23,137,22,19,46,181,8,96,30,7,11,51,79,70,18,63,178,93,29
c1426,20,196,0,3,0,241,2,47,0,21,34,0,89,2,0,60,136,14,9
c1427,18,92,128,14,36,49,1,0,50,0,0,71,157,100,0,0,80,31,119
c1428,83,115,0,8,0,228,6,71,0,49,26,0,186,5,29,51,101,23,0
c1429,24,172,1,16,0,106,3,221,1,21,33,0,150,1,10,77,93,26,1
c1430,36,56,166,22,20,104,42,0,47,4,0,56,103,59,0,1,111,11,76
c1431,57,174,0,5,2,339,3,132,1,23,20,2,114,0,0,64,2,65,1
c1432,36,100,0,3,2,235,0,176,3,53,15,0,72,2,1,80,85,32,0
c1433,21,100,0,7,1,136,4,35,4,0,0,0,37,51,4,43,119,12,2
c1434,3,183,1,4,0,194,7,115,0,2,0,0,42,0,0,79,188,14,0
c1435,84,144,0,7,1,115,4,242,0,0,2,0,3,2,6,112,192,20,5
c1436,15,34,44,4,50,74,2,6,31,0,1,33,104,51,0,0,30,11,65
c1437,22,105,121,51,89,216,21,0,56,0,0,98,102,87,0,1,147,43,205
c1438,29,21,117,22,61,65,2,0,47,0,0,52,97,1,0,2,88,17,74
c1439,0,93,162,16,12,81,0,0,5,0,0,51,122,27,0,0,2,0,96
c1440,15,51,0,1,0,114,2,69,1,0,0,0,32,0,0,53,128,13,0
c1441,17,396,1,11,0,219,6,68,0,64,87,0,23,3,13,82,199,15,2
c1442,57,161,1,9,2,152,9,252,1,78,13,0,108,3,92,29,206,19,0
c1443,20,188,131,27,30,309,28,124,57,12,15,52,79,140,3,16,183,21,78
c1444,107,79,89,48,17,101,56,0,48,0,0,61,290,175,0,4,114,12,239
c1445,90,314,6,5,5,461,19,309,3,66,57,0,74,0,64,89,111,99,2
c1446,16,41,136,6,9,72,36,1,44,0,0,40,60,122,0,1,54,11,112
c1447,47,63,150,8,8,139,8,0,86,0,0,50,282,259,0,2,43,3,195
c1448,24,142,2,3,0,180,2,131,0,6,48,0,77,1,8,52,201,30,0
c1449,19,259,0,9,2,232,14,288,0,20,24,1,95,3,33,41,121,8,2
c1450,25,100,1,10,0,248,3,201,0,45,12,1,109,0,1,69,27,21,0
c1451,31,123,0,2,0,70,4,25,0,7,8,0,21,0,0,39,92,6,0
c1452,8,58,0,1,0,62,2,39,0,3,13,0,25,1,12,19,41,16,0
c1453,6,52,172,6,37,89,4,1,76,0,0,32,92,98,0,1,62,31,134
c1454,10,71,0,6,2,194,9,107,0,24,0,1,25,0,72,66,117,14,1
c1455,12,50,69,7,50,27,2,0,41,0,0,1,151,165,0,1,34,21,126
c1456,16,43,87,26,3,67,13,0,28,0,0,27,76,38,0,0,66,6,91
c1457,26,109,155,48,23,140,18,0,43,2,0,50,141,163,0,2,119,4,148
c1458,12,38,134,43,9,89,1,0,24,0,0,57,167,47,0,0,60,3,71
c1459,40,127,51,25,12,66,5,1,44,0,0,20,161,113,0,3,65,4,112
c1460,71,23,156,66,25,71,11,2,97,0,1,51,237,252,0,3,114,6,164
c1461,15,69,149,26,44,125,5,1,188,0,0,70,140,161,0,3,155,29,149
c1462,25,116,63,18,40,75,10,0,103,0,1,43,80,52,0,1,107,13,169
c1463,12,174,0,5,0,284,8,52,0,12,0,0,37,3,22,44,127,9,0
c1464,62,173,1,8,1,376,16,219,0,89,53,0,102,2,6,62,76,21,0
c1465,8,82,160,19,2,1,9,0,16,0,0,46,194,5,1,3,71,2,66
c1466,77,203,1,12,2,61,26,108,5,45,37,0,96,1,11,53,191,116,2
c1467,38,178,0,6,1,224,35,79,1,60,7,1,50,1,76,33,12,35,2
c1468,36,93,171,34,38,140,4,0,118,0,0,45,163,176,1,0,129,15,154
c1469,46,91,3,4,3,272,1,192,0,21,21,0,53,0,13,48,16,34,2
c1470,12,175,22,19,60,102,1,0,103,0,0,64,163,123,0,0,90,14,68
c1471,42,56,139,76,76,216,11,1,27,0,0,145,138,227,1,1,112,24,83
c1472,26,55,84,14,10,86,5,2,50,0,0,77,96,66,1,0,89,33,116
c1473,11,48,114,6,86,43,25,0,145,1,0,83,97,301,0,0,81,26,77
c1474,9,3,149,26,20,91,0,1,42,0,0,89,57,121,0,2,63,5,214
c1475,8,134,2,2,0,141,12,81,0,22,21,0,15,2,0,41,138,3,0
c1476,10,26,2,2,5,32,4,54,2,0,0,1,33,2,2,17,59,4,5
c1477,45,41,79,35,64,58,2,0,49,0,0,122,39,10,0,1,107,8,81
c1478,70,78,0,6,0,204,8,104,2,33,15,1,55,0,107,78,238,32,1
c1479,58,115,146,98,33,183,6,1,163,1,0,56,378,76,2,3,84,23,269
c1480,39,27,47,14,5,86,69,0,74,0,0,79,58,8,0,0,63,20,79
c1481,107,228,1,0,0,214,10,251,0,59,23,0,111,0,80,61,31,17,1
c1482,7,80,32,17,2,64,3,0,42,0,0,30,61,80,0,1,40,6,82
c1483,17,129,5,4,0,189,6,145,1,47,40,0,94,0,0,61,128,8,5
c1484,23,20,45,25,20,84,27,0,57,1,0,45,46,127,0,1,17,1,64
c1485,10,17,32,41,28,68,3,0,86,0,0,72,83,166,0,2,41,2,119
c1486,28,181,1,12,1,191,3,106,2,32,5,0,29,1,23,36,153,19,1
c1487,8,131,0,5,0,80,10,130,1,13,1,0,17,0,1,21,61,2,0
c1488,46,351,2,10,0,247,6,247,0,49,25,0,107,0,0,82,88,12,0
c1489,17,68,109,19,64,12,1,0,184,2,0,62,92,204,0,0,0,54,151
c1490,14,118,0,4,0,152,8,63,0,25,29,0,25,4,53,76,65,30,2
c1491,6,135,0,2,1,148,2,13,0,0,0,0,2,0,18,23,45,24,1
c1492,6,30,77,18,49,13,3,0,47,0,0,27,42,20,0,1,46,13,71
c1493,0,46,27,21,6,41,7,2,46,0,0,12,44,33,0,1,34,2,12
c1494,66,143,221,78,24,173,37,0,138,0,0,104,275,272,0,1,90,24,300
c1495,38,97,158,63,35,65,10,0,197,0,0,60,110,161,1,3,207,23,148
c1496,14,58,178,25,24,48,4,0,80,0,0,66,110,7,0,0,4,6,22
c1497,9,76,104,6,12,3,19,3,64,0,0,60,58,47,0,1,66,2,91
c1498,12,48,108,9,26,63,6,0,91,0,1,31,40,120,0,0,28,6,56
c1499,20,121,159,21,47,163,1,0,59,0,0,211,220,1,0,0,108,19,238
c1500,26,97,1,2,0,117,4,73,0,0,0,0,36,0,0,21,103,21,0
c1501,45,131,152,23,4,56,7,0,144,0,0,24,62,100,0,0,2,8,110
c1502,8,53,5,11,9,76,3,0,16,0,0,21,27,103,0,0,21,1,41
c1503,23,136,0,2,0,137,4,95,0,0,3,1,54,0,8,67,39,32,1
c1504,67,166,3,1,0,96,8,58,1,0,0,1,23,1,0,42,85,2,0
c1505,78,183,1,9,2,335,4,90,1,38,16,1,119,0,4,94,245,85,1
c1506,8,18,57,6,25,129,5,2,139,0,0,39,73,79,0,0,34,1,27
c1507,19,57,0,0,0,134,3,33,0,0,0,0,11,0,0,36,143,2,0
c1508,1,72,0,3,0,112,8,31,0,7,15,0,5,0,0,13,71,3,0
c1509,19,37,196,25,10,107,6,0,58,0,0,98,147,115,0,0,81,18,153
c1510,8,5,35,11,71,106,0,2,77,0,0,56,20,100,0,2,51,4,172
c1511,34,59,0,3,1,42,3,51,1,0,0,0,3,0,1,10,46,8,0
c1512,3,60,86,14,33,61,0,0,60,0,0,32,62,1,0,1,46,27,94
c1513,31,66,0,5,0,32,4,65,0,25,10,0,34,3,24,49,134,24,0
c1514,10,95,157,56,50,151,19,0,137,0,0,33,91,148,1,2,152,13,191
c1515,30,123,0,5,0,190,6,181,0,48,19,0,30,1,7,43,220,16,0
c1516,41,73,1,3,0,239,0,90,1,49,0,0,53,2,0,39,145,61,0
c1517,69,97,82,47,22,122,19,1,37,0,0,182,55,9,0,2,19,8,119
c1518,28,128,3,3,0,64,9,175,1,0,0,0,65,0,56,63,121,28,0
c1519,12,12,57,6,2,53,6,0,6,0,0,32,72,30,0,1,12,5,39
c1520,23,211,0,1,0,177,38,227,0,0,0,0,18,0,14,38,128,16,0
c1521,51,66,28,43,15,131,6,0,30,0,0,274,147,101,0,1,75,33,229
c1522,54,219,2,4,0,293,1,45,2,67,49,3,53,2,0,64,195,53,1
c1523,49,285,0,6,0,178,11,87,2,72,25,0,26,1,9,43,44,7,0
c1524,24,222,0,8,2,338,11,158,0,20,19,0,30,3,1,37,152,34,1
c1525,78,294,1,12,0,460,4,302,0,45,18,1,67,0,68,89,205,50,2
c1526,27,85,72,17,9,9,5,0,78,1,0,48,37,149,0,0,15,2,67
c1527,34,103,2,3,1,92,6,71,0,17,2,0,33,1,0,37,48,5,0
c1528,112,43,149,38,14,138,2,0,57,0,0,59,257,91,0,3,55,16,41
c1529,0,21,48,17,11,36,2,0,55,0,0,3,18,2,0,2,17,11,78
c1530,58,246,3,9,0,39,22,255,3,30,9,2,93,3,19,96,308,30,2
c1531,36,15,112,49,24,170,4,0,119,0,1,36,131,145,1,0,27,21,208
c1532,39,155,2,5,0,305,5,68,2,25,23,1,30,2,0,43,23,100,0
c1533,9,12,108,18,0,75,12,1,0,0,1,5,55,113,0,0,27,0,65
c1534,39,99,131,35,38,215,26,0,55,0,0,97,79,162,0,0,110,27,159
c1535,34,152,86,25,21,80,5,0,81,0,0,0,114,0,0,2,70,10,118
c1536,76,143,47,42,109,286,47,1,80,0,0,123,256,194,3,1,52,35,283
c1537,26,211,1,10,0,142,45,288,1,26,9,3,58,1,0,63,192,8,0
c1538,39,216,2,5,3,112,1,118,1,77,60,0,95,0,8,77,2,22,4
c1539,51,170,143,3,0,189,0,1,36,0,0,74,125,71,0,3,113,24,146
c1540,17,19,70,3,4,25,5,2,25,0,0,9,59,11,0,0,23,2,18
c1541,24,35,79,26,12,26,1,1,87,0,0,89,81,1,0,1,44,6,21
c1542,14,227,2,10,1,406,7,312,1,15,24,1,67,3,13,108,300,37,1
c1543,2,27,88,4,71,116,4,1,40,0,0,82,46,35,1,0,11,2,166
c1544,14,173,0,5,1,223,7,104,0,0,0,0,106,1,10,38,126,24,1
c1545,16,21,72,17,6,27,2,0,65,0,0,29,44,38,0,0,49,5,34
c1546,82,36,167,40,121,167,2,0,38,0,0,121,158,106,0,3,96,17,98
c1547,38,159,2,10,0,109,11,204,2,34,30,0,88,1,4,36,217,8,0
c1548,30,72,1,10,1,170,0,157,0,56,21,1,93,5,85,26,132,47,1
c1549,82,217,0,9,0,443,10,56,4,117,116,0,106,1,88,51,144,26,1
c1550,11,48,88,12,3,57,1,3,76,0,0,34,101,84,0,0,48,7,10
c1551,19,58,1,2,0,136,3,56,1,10,2,1,30,0,6,28,133,29,2
c1552,20,53,72,14,12,75,15,0,32,0,0,68,82,85,0,1,69,11,129
c1553,20,122,1,2,0,304,8,139,2,64,15,0,50,0,0,43,138,29,1
c1554,7,87,0,5,0,109,1,71,0,10,6,0,49,0,5,19,85,5,17
c1555,21,121,80,32,8,44,0,4,71,0,0,23,57,97,0,0,50,1,65
c1556,8,82,106,22,36,76,24,1,102,0,0,21,57,63,0,0,58,12,55
c1557,29,166,0,13,1,91,2,44,0,31,11,0,13,1,1,41,50,6,1
c1558,55,80,139,20,21,163,20,0,142,0,0,60,50,121,0,2,24,3,50
c1559,5,39,23,10,15,121,2,1,78,0,0,63,76,0,0,0,49,8,81
c1560,26,65,1,3,1,244,8,149,0,5,13,0,22,0,0,58,101,40,0
c1561,3,34,1,0,0,104,11,26,0,21,13,0,14,0,31,40,108,20,0
c1562,46,111,0,4,0,329,11,179,0,68,9,0,80,3,8,118,139,16,2
c1563,46,157,1,1,0,73,0,136,0,17,3,0,136,0,44,63,157,44,0
c1564,5,47,0,3,0,64,8,59,0,25,2,0,14,0,0,11,58,1,0
c1565,10,49,52,8,24,33,2,1,29,0,0,25,56,30,0,0,32,7,80
c1566,54,211,1,7,1,385,3,192,1,60,34,0,53,2,59,49,108,46,0
c1567,27,124,135,42,35,123,2,5,59,0,0,103,171,0,0,3,38,22,133
c1568,26,69,153,27,46,40,5,3,143,0,0,27,45,6,0,0,21,16,56
c1569,60,130,189,18,15,189,20,1,66,0,0,92,123,104,2,0,99,20,165
c1570,14,115,3,3,0,171,4,122,0,53,11,0,53,2,41,27,108,53,2
c1571,7,83,0,6,0,158,5,89,0,28,28,0,62,0,22,14,36,31,0
c1572,10,55,0,2,0,75,46,76,1,25,9,0,24,1,0,39,74,97,0
c1573,14,92,2,3,0,112,13,79,1,14,22,1,53,0,0,55,198,48,1
c1574,38,158,1,7,2,194,3,112,0,28,9,0,56,1,0,45,83,14,1
c1575,43,150,0,3,0,224,5,94,0,39,0,0,5,0,76,43,168,6,1
c1576,28,57,131,41,0,103,15,0,34,0,0,58,66,103,0,1,43,3,89
c1577,16,125,1,10,0,272,8,9,1,32,12,1,7,0,77,60,139,5,0
c1578,10,18,1,11,0,117,8,59,1,3,1,0,36,1,0,27,89,7,0
c1579,66,58,127,9,13,76,6,0,43,0,1,96,205,123,0,0,9,23,114
c1580,74,113,115,42,23,89,6,1,125,0,1,102,191,157,0,1,154,5,186
c1581,22,104,118,2,10,145,14,0,75,1,0,57,145,127,0,0,74,18,99
c1582,47,112,1,13,0,53,2,49,0,73,35,0,47,1,55,54,70,29,1
c1583,0,1,47,7,37,68,6,0,29,0,0,38,11,0,0,0,2,0,54
c1584,8,26,29,7,3,32,2,1,18,0,0,29,17,18,0,2,28,4,44
c1585,26,75,233,22,26,130,3,1,65,0,0,113,154,143,0,1,93,21,223
c1586,54,166,1,5,1,302,10,84,0,42,38,0,76,0,1,59,34,22,1
c1587,42,166,1,8,0,216,51,170,2,57,36,2,57,3,31,5,151,11,0
c1588,30,165,183,5,33,125,25,1,74,0,1,0,259,200,0,0,26,13,35
c1589,9,19,67,4,6,77,9,2,54,0,0,40,39,62,0,1,55,6,71
c1590,0,71,2,97,0,0,7,2,2,65,45,183,227,5,24,3,1,0,431
c1591,23,64,3,3,0,160,6,72,1,34,5,0,29,1,0,36,4,7,1
c1592,23,45,19,35,33,25,1,1,32,0,0,41,81,8,0,1,45,8,19
