cell_id	prob_z0	prob_z1	prediction
c1	-59.97178029019524	-63.80272275292676	singlet
c2	-61.52747882103889	-63.01479385175534	singlet
c3	-65.6377921338289	-68.83173491069894	singlet
c4	-75.4562531868952	-81.29942328208637	singlet
c5	-63.043443708734834	-64.51432403494563	singlet
c6	-60.80970991825919	-65.07136646337578	singlet
c7	-69.17368400113195	-69.77369390697373	singlet
c8	-74.8736408088277	-78.94911241029868	singlet
c9	-67.59511519198703	-108.22293194980398	singlet
c10	-64.55665231349488	-66.95211529729578	singlet
c11	-53.01863070213294	-57.25505581480366	singlet
c12	-73.35649624613865	-79.05679994971345	singlet
c13	-63.94394883622945	-70.52093550707444	singlet
c14	-50.894672141946174	-55.24256381738513	singlet
c15	-72.53977868079023	-74.42815890305415	singlet
c16	-53.816962772160174	-66.69260620253067	singlet
c17	-70.7470313479912	-78.03523094096589	singlet
c18	-57.090675977070525	-68.96739916363566	singlet
c19	-52.47242910176866	-58.06405194641922	singlet
c20	-62.436803821093946	-61.4251315795846	singlet
c21	-54.822498251659226	-60.3796418819744	singlet
c22	-70.07070792179766	-74.10853989753524	singlet
c23	-73.27991061873067	-74.44047082187163	singlet
c24	-66.12782105463346	-69.86414848433324	singlet
c25	-70.05521371452785	-69.71814874214473	singlet
c26	-105.66658401150077	-89.58041158603993	doublet
c27	-57.13317072870655	-62.00292134667303	singlet
c28	-89.47072088491623	-94.40558101373666	singlet
c29	-69.62845826198324	-71.61470497804655	singlet
c30	-62.329700920514064	-71.04625395614248	singlet
c31	-60.463863027560066	-62.697936225908045	singlet
c32	-74.3004561976003	-79.80259523929593	singlet
c33	-87.92958070500191	-85.83406513452114	doublet
c34	-59.123601993858465	-72.36869211907559	singlet
c35	-68.692945511466	-79.78647869949192	singlet
c36	-38.650046268904596	-47.98851679479563	singlet
c37	-58.16922804918893	-61.784754210256104	singlet
c38	-47.36325571570004	-51.25416073221112	singlet
c39	-67.45665535245853	-73.41270484579812	singlet
c40	-47.02810341180307	-61.25921563987804	singlet
c41	-75.4126141284965	-75.52140883753367	singlet
c42	-66.18138155731063	-69.83655733094908	singlet
c43	-67.16077747151186	-69.21367982821133	singlet
c44	-66.96298024657236	-67.29213753843604	singlet
c45	-62.50494788226037	-67.25550720482022	singlet
c46	-51.138829076886466	-58.91628292619378	singlet
c47	-51.60523099019299	-73.38588752641989	singlet
c48	-61.98105612481185	-63.62877065652951	singlet
c49	-80.60298041291205	-80.23138780778052	singlet
c50	-61.03270744087457	-66.5687670804295	singlet
c51	-61.34687534873843	-64.02145992351024	singlet
c52	-47.5983087205809	-60.08574840384198	singlet
c53	-63.942955620074876	-69.06533737261641	singlet
c54	-62.68011987939117	-67.87380505594876	singlet
c55	-68.23267112639256	-69.96947422274849	singlet
c56	-78.78991210480999	-82.94566895757171	singlet
c57	-76.40165108873204	-77.44505596997045	singlet
c58	-76.412901368477	-80.52180377062146	singlet
c59	-67.14707687045366	-69.62442743140507	singlet
c60	-73.07993932073136	-81.89750545665257	singlet
c61	-68.1981368735347	-73.32479834143561	singlet
c62	-78.50481847112849	-81.52915545611259	singlet
c63	-66.60267695360344	-75.26207470571346	singlet
c64	-73.2246822850441	-73.57980526373277	singlet
c65	-87.04678650864089	-82.87729667723276	doublet
c66	-61.46050437467363	-68.79280866795938	singlet
c67	-46.120005629633425	-49.427098367724724	singlet
c68	-79.00245174272987	-79.75874234674205	singlet
c69	-47.38461295520844	-54.02061842245291	singlet
c70	-81.06288069968366	-85.24236496061245	singlet
c71	-70.5422516523109	-73.9371538826228	singlet
c72	-76.77268668459058	-75.99001318495517	singlet
c73	-82.01289673263832	-81.43899572393592	singlet
c74	-80.67625112530438	-82.84838468803065	singlet
c75	-69.11830942409767	-80.18772686887337	singlet
c76	-64.75356272902671	-72.87668021663707	singlet
c77	-48.8013163557399	-59.21116716073404	singlet
c78	-71.68235646361832	-72.7851364565358	singlet
c79	-79.07300445679658	-81.94833200512961	singlet
c80	-65.71133178910314	-77.45391153215918	singlet
c81	-66.54080601576688	-78.09626232881821	singlet
c82	-69.3829462648049	-70.91375377393847	singlet
c83	-46.28985467446934	-49.866256518638565	singlet
c84	-65.95920295782022	-64.0678308462704	doublet
c85	-76.36965586917492	-78.04169376304556	singlet
c86	-71.47469082944292	-71.77504723324131	singlet
c87	-79.61532199458738	-82.7122160576793	singlet
c88	-74.51054928028785	-76.66781330650686	singlet
c89	-57.42233528982359	-57.342558264127604	singlet
c90	-57.50919168929127	-63.716281383479334	singlet
c91	-80.73441197699572	-84.33600734759267	singlet
c92	-48.15301855061229	-52.01046132656172	singlet
c93	-72.02169565187926	-71.02128310062083	singlet
c94	-61.93396635879368	-69.89257955407521	singlet
c95	-66.54650903280105	-64.00394715229484	doublet
c96	-128.76406021783114	-107.01082905638563	doublet
c97	-50.060264331954684	-57.41921551201675	singlet
c98	-117.33466506998484	-98.42521241489334	doublet
c99	-78.3800516644847	-75.33742369348998	doublet
c100	-62.955949215890136	-71.35051592964894	singlet
c101	-85.72209828180792	-86.12886486997436	singlet
c102	-82.28310399838828	-83.31434329253068	singlet
c103	-77.00149825994609	-84.18946827977021	singlet
c104	-72.97730761177544	-77.37565415236365	singlet
c105	-45.98737450332144	-56.0425662369678	singlet
c106	-58.452505934338575	-62.656342613552404	singlet
c107	-62.98032486840659	-66.66729685815304	singlet
c108	-51.98409702123646	-60.714404275275946	singlet
c109	-68.18244713957684	-72.0304680069899	singlet
c110	-79.04660897915849	-80.4379507040176	singlet
c111	-70.79349227878926	-74.68550177824856	singlet
c112	-75.04830290520843	-76.80248568958582	singlet
c113	-80.31265124974512	-85.19589879340336	singlet
c114	-65.0734318696795	-68.89929679849789	singlet
c115	-74.14330517022748	-72.23957331221658	doublet
c116	-82.02971165964593	-79.65095828592612	doublet
c117	-59.66912296799818	-67.44932651776958	singlet
c118	-71.6235649161618	-72.28509176749563	singlet
c119	-88.56857151977934	-87.42854077941988	singlet
c120	-75.64854838953059	-77.93912789455906	singlet
c121	-79.7516171542347	-80.33130549803704	singlet
c122	-81.17651005097487	-80.7712353661036	singlet
c123	-77.49082284337861	-80.27749348441941	singlet
c124	-61.72851251252148	-67.1354309960588	singlet
c125	-74.40099849320868	-76.88700922052662	singlet
c126	-57.509716378379444	-61.87760805409313	singlet
c127	-66.88131270258884	-72.00946245185038	singlet
c128	-59.81800361436616	-82.45159322556812	singlet
c129	-56.971073403363185	-65.13654740542943	singlet
c130	-49.40202847121475	-53.84221667255088	singlet
c131	-81.80494775383724	-84.27423404287562	singlet
c132	-72.57917725519096	-75.919140429333	singlet
c133	-82.83174131359179	-81.84218156740472	singlet
c134	-48.28643992539347	-53.42089273213621	singlet
c135	-56.356787739116534	-67.1700905708282	singlet
c136	-77.95922173593607	-79.48220529944976	singlet
c137	-52.67341279248406	-58.16605662201558	singlet
c138	-54.48475234026815	-62.76762409057052	singlet
c139	-76.86964337344682	-79.619968219648	singlet
c140	-87.31375585397176	-88.70137420919283	singlet
c141	-75.52619579228627	-78.85201397897983	singlet
c142	-86.31823168021735	-85.54809262458411	singlet
c143	-78.74043482572121	-101.96532152885129	singlet
c144	-81.69846221751567	-78.64683650300896	doublet
c145	-42.24180293863084	-58.75618775904199	singlet
c146	-83.1396136758774	-80.14189244976161	doublet
c147	-78.56317330239222	-80.99648822751776	singlet
c148	-86.17620113249825	-87.09556243054666	singlet
c149	-50.67437173890035	-55.71066907086098	singlet
c150	-60.125814649568326	-64.40154647095548	singlet
c151	-76.06176042883294	-78.63245942664174	singlet
c152	-68.24155046482748	-74.53604966081394	singlet
c153	-83.54514720027618	-80.05807687636828	doublet
c154	-81.6907611788346	-85.25470177446424	singlet
c155	-64.91857588019279	-66.45842742577506	singlet
c156	-76.64539299392585	-78.5013122294622	singlet
c157	-71.68604963507214	-71.55331084094763	singlet
c158	-58.49392651779925	-58.73615298147253	singlet
c159	-54.62448618073965	-60.4214729501607	singlet
c160	-76.42772037392017	-77.55331919109896	singlet
c161	-61.456618139502	-61.80654724666018	singlet
c162	-54.48418355247521	-54.280923173272534	singlet
c163	-52.41143480449964	-58.41904806888341	singlet
c164	-58.102402789863135	-62.486920105757825	singlet
c165	-59.99401790453213	-65.16284878517696	singlet
c166	-70.79956118530443	-73.63010162282946	singlet
c167	-57.96118479360994	-63.15138844486364	singlet
c168	-77.19696894918494	-80.90415663832927	singlet
c169	-78.83950013304917	-87.32175968172406	singlet
c170	-90.11274381848436	-79.84131742411856	doublet
c171	-58.91136596752477	-65.5609346565042	singlet
c172	-53.67113742865845	-58.05651351987346	singlet
c173	-65.89541321575138	-67.90059096551263	singlet
c174	-68.66731992450052	-72.94176900924718	singlet
c175	-73.71697910301867	-79.77467185939021	singlet
c176	-63.96970171362059	-67.01552409402466	singlet
c177	-67.08161962753346	-69.64697924746498	singlet
c178	-77.93130639587085	-80.74700999020348	singlet
c179	-78.48430025833235	-79.72086356928764	singlet
c180	-76.31257976572833	-77.45209238998551	singlet
c181	-71.80022934826704	-73.66974513605138	singlet
c182	-67.06598890546294	-68.44711156725647	singlet
c183	-61.495838083707795	-70.42383776850434	singlet
c184	-68.46712598020137	-75.2553545309974	singlet
c185	-64.51414781441208	-66.42300391968662	singlet
c186	-82.36674731434728	-83.13163849655173	singlet
c187	-75.29176235843724	-88.40414307185826	singlet
c188	-66.80646930101032	-67.87344819371664	singlet
c189	-67.01761272175888	-67.45266409083736	singlet
c190	-57.1064692463264	-61.133224288329615	singlet
c191	-68.79192259052476	-74.96384463930798	singlet
c192	-74.04912435797227	-76.09475408857071	singlet
c193	-74.37692704692874	-78.53366712242692	singlet
c194	-59.021596968867776	-64.73681181907465	singlet
c195	-88.67492453839141	-88.2089202372895	singlet
c196	-49.2881377899192	-51.57930786428829	singlet
c197	-82.43268773210819	-82.819837939088	singlet
c198	-58.375406856906686	-71.1337810933282	singlet
c199	-62.54215393696708	-64.53485522669311	singlet
c200	-59.7161126089257	-64.22355804772886	singlet
c201	-83.97545778889236	-85.42799053011832	singlet
c202	-68.62468625533954	-68.0824356785283	singlet
c203	-79.7082929640989	-79.68858283789658	singlet
c204	-70.36337305228295	-73.61064817676197	singlet
c205	-63.491723609628586	-65.30744636213063	singlet
c206	-73.30750238984659	-76.10044194997424	singlet
c207	-66.80426350411402	-86.49296439178133	singlet
c208	-80.84723861195164	-84.12531814983855	singlet
c209	-55.44539218905255	-61.03516759635958	singlet
c210	-69.22088452753663	-77.7689992630171	singlet
c211	-73.23083848258679	-79.93912013620114	singlet
c212	-83.8292520976697	-85.40281650798165	singlet
c213	-66.29160207803709	-70.07811050451274	singlet
c214	-41.129315278514746	-47.14612480240994	singlet
c215	-76.65378362715289	-77.16422863682004	singlet
c216	-72.06069637927668	-72.44945386941791	singlet
c217	-58.83764591265775	-66.51095365681576	singlet
c218	-69.21973868437497	-74.23520252258888	singlet
c219	-57.98909757968858	-64.57685225876199	singlet
c220	-53.707342623221365	-63.208501494282665	singlet
c221	-64.70115408771312	-69.35460878146294	singlet
c222	-72.60158159956578	-70.46900884552757	doublet
c223	-91.22188830283041	-103.56355024237163	singlet
c224	-56.13335396674816	-59.960745444391584	singlet
c225	-55.02640129333332	-62.56452053636718	singlet
c226	-64.10155303823215	-67.26423211883261	singlet
c227	-65.05059243392638	-68.87669814527598	singlet
c228	-56.401150076794046	-62.25671405401997	singlet
c229	-76.08161327866777	-76.62705690909455	singlet
c230	-57.20406471134899	-63.46097498779381	singlet
c231	-75.19150585369297	-82.21609334996789	singlet
c232	-79.92524485105315	-80.79511989993485	singlet
c233	-58.8449026305324	-61.6163504689635	singlet
c234	-100.14234446806039	-83.53853285966069	doublet
c235	-61.13212621576131	-66.79035450687105	singlet
c236	-58.289368436024894	-60.0596592369627	singlet
c237	-65.84428144975215	-70.6038622313786	singlet
c238	-68.48814873101205	-73.82855858674627	singlet
c239	-49.074104462161706	-51.04715312337762	singlet
c240	-72.20739155511873	-74.08367378934815	singlet
c241	-62.036367844924875	-65.30195264136262	singlet
c242	-58.804765349655234	-63.90610267438541	singlet
c243	-44.97528534699352	-61.70080818621616	singlet
c244	-70.43394455020288	-69.49014328606246	singlet
c245	-76.33478025781328	-85.13827705537147	singlet
c246	-74.37714881535904	-76.77651144154795	singlet
c247	-50.9702447232619	-53.9697856997241	singlet
c248	-79.81755358929756	-82.02678267270312	singlet
c249	-77.88801249370071	-83.20643657591162	singlet
c250	-55.70617681257055	-61.041969157748035	singlet
c251	-63.70599252534321	-67.43327428060749	singlet
c252	-69.50891729277976	-67.45017964405551	doublet
c253	-75.06896212328633	-76.65603387281698	singlet
c254	-52.53326352469123	-57.25835612013493	singlet
c255	-70.12286993175356	-74.16988126752042	singlet
c256	-63.999652030647894	-66.82240585147558	singlet
c257	-87.88898391868021	-87.33912790544048	singlet
c258	-65.7999777604536	-67.81635980540081	singlet
c259	-69.47759979093509	-72.59166834179702	singlet
c260	-81.24479297060766	-78.60208264693969	doublet
c261	-85.6012402551524	-88.49177970402977	singlet
c262	-59.581588293469956	-67.55439737033518	singlet
c263	-79.39879054577746	-77.00768545705368	doublet
c264	-60.42828389829321	-62.970061627357424	singlet
c265	-71.38985145215554	-74.63321741469494	singlet
c266	-74.95961077786129	-65.18388738798876	doublet
c267	-51.2753684377114	-62.63131797968837	singlet
c268	-80.94496721692744	-85.32281909199064	singlet
c269	-50.144365435815835	-56.714150802444244	singlet
c270	-74.18363206059006	-78.2335893847303	singlet
c271	-54.90860459375747	-60.56822023275822	singlet
c272	-109.27946233126018	-90.5721706079264	doublet
c273	-75.36720917250064	-79.18910931077643	singlet
c274	-56.43146775553006	-62.50569560394696	singlet
c275	-76.63520421829001	-74.90268246715057	doublet
c276	-78.23695006346038	-80.82351745992511	singlet
c277	-74.17583716645571	-84.27876997853423	singlet
c278	-78.19421582234816	-80.52833837634209	singlet
c279	-80.73215153549893	-81.46674451206208	singlet
c280	-69.41294161750528	-73.65381060023658	singlet
c281	-47.424242698369305	-56.23549315465444	singlet
c282	-72.6406340138872	-78.83429846369106	singlet
c283	-70.4025234113593	-73.89357720859006	singlet
c284	-71.85248026939261	-73.45588203200221	singlet
c285	-81.42371226590703	-84.50227932712315	singlet
c286	-74.97733609972231	-74.59180430607266	singlet
c287	-76.8643772030144	-79.61781871281579	singlet
c288	-72.0561807138291	-77.48862010742546	singlet
c289	-65.61072042066407	-69.57303154324664	singlet
c290	-62.082706316526966	-64.44924496719604	singlet
c291	-62.141789340738505	-66.31102850229763	singlet
c292	-78.5133386402136	-79.75273559830242	singlet
c293	-53.2492655291917	-63.65141303940135	singlet
c294	-55.12377198351216	-65.92147491940625	singlet
c295	-62.522829449953086	-69.72325375786512	singlet
c296	-66.43623587981408	-69.81970258603609	singlet
c297	-87.89654304654267	-89.83258602645363	singlet
c298	-81.6189849076394	-84.2536419729229	singlet
c299	-59.9427432531008	-64.50710233311275	singlet
c300	-79.24849577955628	-77.85781758146686	doublet
c301	-82.76368954521344	-85.3425575963005	singlet
c302	-64.97620926458158	-101.57982741672295	singlet
c303	-88.15930809886802	-87.61096150944137	singlet
c304	-67.08659254113832	-72.21811338694289	singlet
c305	-57.13334599935265	-57.12667754952143	singlet
c306	-57.744764655241106	-61.790073847135766	singlet
c307	-70.88569162173377	-68.09363045836528	doublet
c308	-51.51440610763812	-52.351704139506296	singlet
c309	-76.85716055211641	-68.10674569092855	doublet
c310	-77.38891242678831	-80.25433625548598	singlet
c311	-50.416344788897106	-55.70095298877035	singlet
c312	-53.17555915385336	-56.53570134685223	singlet
c313	-62.02023335955387	-66.46107746388789	singlet
c314	-72.76690145791308	-76.04426560671243	singlet
c315	-57.4618295353951	-57.63373028327407	singlet
c316	-65.33629996163243	-69.85410866118869	singlet
c317	-60.32376363992677	-62.900840626045934	singlet
c318	-59.78640350853012	-65.58118240045245	singlet
c319	-72.56624753858416	-73.92279650941018	singlet
c320	-79.3840377418884	-77.96539044223704	doublet
c321	-74.84916550910796	-74.91229232572277	singlet
c322	-64.44475479998526	-67.95362674127495	singlet
c323	-59.717093007507735	-63.03838688454312	singlet
c324	-52.52680445245158	-56.26941804513072	singlet
c325	-84.48052094343299	-90.4424090196358	singlet
c326	-54.89630570377729	-58.053535190035674	singlet
c327	-71.49694138506429	-72.18750017304343	singlet
c328	-104.46681125031417	-84.6717640124164	doublet
c329	-55.88596931661534	-57.76638454823437	singlet
c330	-44.63228717551427	-56.07649045019739	singlet
c331	-82.627918912041	-91.65337074698566	singlet
c332	-78.78882029477178	-78.71056725476438	singlet
c333	-64.49097307731867	-66.28553813432464	singlet
c334	-82.67255486119083	-81.55682895218258	singlet
c335	-58.52049734815511	-69.44577345887882	singlet
c336	-76.92944891411699	-80.8929945026736	singlet
c337	-66.96542313449191	-76.434809321796	singlet
c338	-47.86835925826275	-53.000493277799876	singlet
c339	-71.10289969823208	-71.57198886081909	singlet
c340	-60.813258727745165	-68.45802715229121	singlet
c341	-78.60726453935601	-84.374688091729	singlet
c342	-65.46875974064217	-78.20603152193458	singlet
c343	-69.5643740297631	-65.15562902106349	doublet
c344	-53.37482099709762	-57.53419734823023	singlet
c345	-61.46012614988922	-70.58432574660229	singlet
c346	-56.05199792457964	-58.02998965784954	singlet
c347	-90.76205669695273	-92.20737817136393	singlet
c348	-60.35711032870551	-69.58367086902649	singlet
c349	-69.01566740171614	-67.82026491862041	singlet
c350	-80.15530454583724	-80.71902807890591	singlet
c351	-72.57727884919284	-73.72896852755765	singlet
c352	-81.25081421424001	-83.15493260563544	singlet
c353	-56.79908179172959	-68.78736362538736	singlet
c354	-55.01284160072535	-62.17037972157291	singlet
c355	-58.55026468909897	-69.99954845692314	singlet
c356	-50.81937083209685	-64.64557248672628	singlet
c357	-81.22493253968271	-79.15700200801601	doublet
c358	-75.38694957671449	-77.68271798164915	singlet
c359	-61.98239802467595	-63.02637979695275	singlet
c360	-81.48069594634863	-80.18641075701686	singlet
c361	-57.396899681848694	-57.14568264279238	singlet
c362	-65.11166676056627	-67.5019632953261	singlet
c363	-57.26350485947871	-61.70887232106565	singlet
c364	-86.48471330119679	-87.96323024770574	singlet
c365	-76.03613903003196	-80.93172702515533	singlet
c366	-78.98742882092995	-82.19746255185734	singlet
c367	-81.05125457795572	-82.85698131893253	singlet
c368	-68.89297228005196	-72.08712918778615	singlet
c369	-58.28525956043408	-64.30788745149991	singlet
c370	-77.83006072719282	-78.86290673456665	singlet
c371	-74.89126129694274	-82.06548350678854	singlet
c372	-66.81611711579406	-71.56284122690545	singlet
c373	-77.03808555343525	-78.2577666505901	singlet
c374	-78.88119351398612	-79.45967951940519	singlet
c375	-62.68220165891263	-67.9283533660913	singlet
c376	-66.08814055154646	-70.96645005542204	singlet
c377	-69.48078530255525	-70.81871200193066	singlet
c378	-108.66564258315105	-91.77815960823413	doublet
c379	-53.90005872629284	-58.61590622477152	singlet
c380	-67.18914392161768	-68.60620407116161	singlet
c381	-64.58307309149966	-67.86484439937958	singlet
c382	-76.00166206866608	-72.95187475407334	doublet
c383	-68.16478258171406	-69.69804782421478	singlet
c384	-56.59090184471808	-59.39443410546551	singlet
c385	-56.5045239665214	-61.790459371845685	singlet
c386	-74.38571207105159	-74.67104852415059	singlet
c387	-76.82548025911751	-78.4216822846576	singlet
c388	-61.43773366432325	-67.83236841607432	singlet
c389	-72.10847816191733	-74.5766567912749	singlet
c390	-63.89110314279296	-65.1067617280311	singlet
c391	-62.74524744744179	-83.89306212074987	singlet
c392	-72.57721417100785	-75.0595780586653	singlet
c393	-54.445025402676755	-57.12201240112541	singlet
c394	-53.41081697871885	-58.630755950224774	singlet
c395	-49.36308451660707	-62.69890747352886	singlet
c396	-68.9502856869	-66.54168041146072	doublet
c397	-68.61448856365831	-70.76003489824126	singlet
c398	-45.50804196404188	-54.01779340050993	singlet
c399	-74.90516016558313	-75.33870857719207	singlet
c400	-41.817161727988356	-48.716443548296915	singlet
c401	-46.03568825866661	-53.94613047935103	singlet
c402	-68.58438893628659	-71.79353770001364	singlet
c403	-85.18048414292724	-76.79464719990848	doublet
c404	-59.58993670324733	-61.99254886677551	singlet
c405	-58.248335890114795	-63.70379600826519	singlet
c406	-70.74078252563214	-75.477468262544	singlet
c407	-53.198683429740115	-60.4291613991011	singlet
c408	-74.6934148514162	-76.49857071766277	singlet
c409	-58.25312805278123	-60.89385689388259	singlet
c410	-74.28350759629501	-77.47634007285424	singlet
c411	-53.84521915368581	-71.33095705450614	singlet
c412	-88.46862521097836	-97.99583097828273	singlet
c413	-63.176402914860475	-71.42717216608389	singlet
c414	-69.36914329643548	-68.96917556549845	singlet
c415	-77.89038110434606	-78.7761510490071	singlet
c416	-55.43327803517202	-61.36940093624957	singlet
c417	-60.1995438985383	-56.94968179357168	doublet
c418	-114.59200861679183	-98.43870854333491	doublet
c419	-65.08002576465515	-68.64959021827809	singlet
c420	-47.92815848700565	-53.430792754701564	singlet
c421	-54.908204380367096	-59.4266675837072	singlet
c422	-96.77403448442145	-83.0399858024115	doublet
c423	-60.370863833309905	-65.74405396630824	singlet
c424	-52.1951323374009	-56.87171592733284	singlet
c425	-67.75153560333939	-68.25940830542336	singlet
c426	-58.09049988991816	-62.597272839804056	singlet
c427	-56.273313300096184	-63.80499257185212	singlet
c428	-61.53444032255019	-67.24768646024637	singlet
c429	-69.7187421920293	-69.76852271493377	singlet
c430	-63.73345593952088	-67.08277976766729	singlet
c431	-74.45212655580325	-75.25681277513912	singlet
c432	-76.4381705079499	-83.41165800344189	singlet
c433	-80.27995205616668	-84.66140125776664	singlet
c434	-49.80227184773662	-76.15549421914778	singlet
c435	-68.27300160195122	-69.89276875855059	singlet
c436	-74.08462302545655	-73.9329801612793	singlet
c437	-56.10096005881757	-61.57147761735213	singlet
c438	-71.40077885888144	-68.22195419188813	doublet
c439	-79.18507755916374	-81.38646785736157	singlet
c440	-65.01964231281242	-68.43134163105816	singlet
c441	-72.34821296358203	-75.65879718609139	singlet
c442	-73.24355916899891	-76.77495852710229	singlet
c443	-82.99997865337677	-87.87710662212655	singlet
c444	-67.35971703840637	-72.17257313138964	singlet
c445	-76.44549721205362	-60.0352004028557	doublet
c446	-79.65182068703155	-79.99400327239857	singlet
c447	-56.324958409731266	-67.52213598963516	singlet
c448	-79.04004299098825	-81.18214915952095	singlet
c449	-81.83308134652283	-84.73756951501454	singlet
c450	-60.64941060593703	-65.38183150116919	singlet
c451	-56.43199135669223	-56.94846217032168	singlet
c452	-54.43315337393875	-57.679710651641955	singlet
c453	-50.07423373448508	-57.23715513327466	singlet
c454	-44.24069008848765	-49.75473925694406	singlet
c455	-52.71556779911881	-56.21000262864992	singlet
c456	-73.12924049751824	-75.0754861117768	singlet
c457	-68.53046120353284	-80.1332707450017	singlet
c458	-60.500044398962714	-64.94222303153488	singlet
c459	-59.57843239436737	-62.73019715389057	singlet
c460	-75.06312399996503	-76.10739419957869	singlet
c461	-75.61077617422316	-72.87820221084502	doublet
c462	-92.70418845298961	-88.40635409771271	doublet
c463	-39.656669390608506	-43.49833118622315	singlet
c464	-72.60609427353265	-71.83219524142403	singlet
c465	-76.84340726544579	-78.40142156474978	singlet
c466	-89.22151722808411	-98.21796374531735	singlet
c467	-78.93856808916593	-80.92197624395041	singlet
c468	-62.98326474294862	-66.65532468847574	singlet
c469	-71.58343641721284	-71.7938344320299	singlet
c470	-76.49159187003333	-80.96702099950801	singlet
c471	-65.3038016544431	-64.80666377453338	singlet
c472	-60.707662196396335	-70.5227926210048	singlet
c473	-53.44111406254084	-71.15073225325963	singlet
c474	-59.37651863413985	-99.84626224781776	singlet
c475	-65.41603594735814	-70.50133399844039	singlet
c476	-44.38358768408426	-51.820152566052954	singlet
c477	-69.65339707686408	-76.12327228804429	singlet
c478	-51.37424582046887	-57.97676057385589	singlet
c479	-82.59378586888303	-82.90167012502236	singlet
c480	-69.43388811169694	-69.41306844864144	singlet
c481	-83.15325158683785	-87.23592077306708	singlet
c482	-74.85831133846482	-75.53905595586325	singlet
c483	-57.85068933118179	-60.78646875418639	singlet
c484	-70.18624588586006	-74.10378231422547	singlet
c485	-64.47269461371424	-71.19653519926074	singlet
c486	-70.68074636684833	-70.33113248503196	singlet
c487	-58.13483754919247	-63.1673135637394	singlet
c488	-76.97706536219117	-84.1750225105135	singlet
c489	-84.79927315523273	-87.82193724483218	singlet
c490	-65.40712719300588	-62.14337268520404	doublet
c491	-76.38183592366019	-75.76678930570496	singlet
c492	-59.929936412076486	-66.71831641288462	singlet
c493	-68.74987481786664	-79.97862140593178	singlet
c494	-75.74496157718687	-73.99673736427005	doublet
c495	-78.45055016631156	-76.0418298479444	doublet
c496	-54.822890927175784	-68.19745253396194	singlet
c497	-69.376105548236	-67.81331483368662	doublet
c498	-69.01627540662268	-74.40690497805024	singlet
c499	-71.73672476064124	-76.66352438967063	singlet
c500	-75.23981520558343	-75.94046299827532	singlet
c501	-63.00306342367878	-65.50617813618952	singlet
c502	-57.281616652899025	-68.25244374578276	singlet
c503	-52.12942418270006	-60.76369435045064	singlet
c504	-62.47388839191892	-64.74358679389873	singlet
c505	-60.218244358795054	-64.59412026639488	singlet
c506	-75.79171335858202	-79.48875157159787	singlet
c507	-72.46242652897469	-71.86278114240027	singlet
c508	-58.85303646241782	-65.55730457349975	singlet
c509	-71.48286330771569	-77.62353875260742	singlet
c510	-68.17301225854595	-76.49179357580635	singlet
c511	-69.77212834996115	-72.77880563714722	singlet
c512	-62.235748814424255	-64.6738348184656	singlet
c513	-96.29600371939233	-81.12875255445353	doublet
c514	-63.76303950482717	-68.05875641269637	singlet
c515	-57.793820972074116	-66.88001641184684	singlet
c516	-69.60842240041475	-70.24958934490864	singlet
c517	-73.1951935286877	-76.56472578193251	singlet
c518	-75.13919689584594	-79.14158116406207	singlet
c519	-63.0798071876531	-65.37156479240693	singlet
c520	-73.18514658376019	-79.98963123101734	singlet
c521	-112.64611221551237	-95.2313026019855	doublet
c522	-51.79151481270194	-59.439572433268445	singlet
c523	-67.56943846772631	-68.22862138177703	singlet
c524	-61.75486512379207	-74.52712546982764	singlet
c525	-101.55902335487609	-101.0912445995974	singlet
c526	-68.27121392984397	-72.97129413525195	singlet
c527	-96.17815040883546	-97.19251948698441	singlet
c528	-76.35992268092446	-77.34707685273037	singlet
c529	-63.3716230964889	-61.947498210183035	doublet
c530	-78.31797428606176	-80.778495310255	singlet
c531	-49.242613345113	-62.704731795372325	singlet
c532	-85.00053959221385	-84.11579290521065	singlet
c533	-76.96159006506517	-74.564275064726	doublet
c534	-53.96691531388559	-54.14487304734313	singlet
c535	-67.84236970609763	-70.44594739704395	singlet
c536	-65.26520351931954	-72.42813857963836	singlet
c537	-77.77428305202031	-90.21627209479345	singlet
c538	-64.2516826252093	-69.24976431336627	singlet
c539	-60.716125562005494	-80.14299425257887	singlet
c540	-77.2787266363652	-80.92110731963749	singlet
c541	-83.84261187537521	-81.49330372273913	doublet
c542	-58.944517607005366	-62.41581406874327	singlet
c543	-76.01066467945823	-74.25055351601766	doublet
c544	-72.42113090698638	-75.51199403507725	singlet
c545	-66.51796617804021	-69.54690019881738	singlet
c546	-46.68010976642041	-57.516151084231154	singlet
c547	-68.87421640972286	-73.14819014624999	singlet
c548	-77.2334908378705	-87.45675516557097	singlet
c549	-86.21276897160445	-83.77926902619308	doublet
c550	-55.35705949581376	-81.20654436335334	singlet
c551	-70.00360466308268	-71.59092705830943	singlet
c552	-50.34911862580387	-54.102842003951444	singlet
c553	-60.13848988832271	-66.61483853751135	singlet
c554	-61.240920631284474	-71.33967340630115	singlet
c555	-60.25978861926035	-62.359467061465196	singlet
c556	-76.1176114417101	-77.07593735719996	singlet
c557	-75.13211973762134	-77.1571582882567	singlet
c558	-75.73594956540171	-81.68751136088478	singlet
c559	-81.48502494544587	-82.76066433632181	singlet
c560	-53.630760673973676	-67.38903877414472	singlet
c561	-76.80375395345696	-76.14379219940938	singlet
c562	-56.67116312504769	-63.437398815358016	singlet
c563	-61.270389103323424	-64.20996284053783	singlet
c564	-56.9513760523547	-71.21611194394802	singlet
c565	-61.46432738976993	-64.89842903945063	singlet
c566	-54.4520180462464	-60.13931976848069	singlet
c567	-79.7804507143878	-81.2743893714671	singlet
c568	-64.75823935434212	-64.60134547053879	singlet
c569	-47.998849880107265	-62.29325068248863	singlet
c570	-49.292420199042695	-57.51769576509493	singlet
c571	-75.76161853347632	-80.11346469401514	singlet
c572	-66.7982799352507	-66.56558694593775	singlet
c573	-56.344472661977804	-59.38316065123468	singlet
c574	-58.991910179376546	-64.07022899687117	singlet
c575	-55.296570568069036	-60.96918607173546	singlet
c576	-71.28155414027096	-75.20807062607118	singlet
c577	-50.40728273934375	-57.31907204995849	singlet
c578	-62.37318400261615	-63.989731497338276	singlet
c579	-49.595469728809945	-65.4305596786542	singlet
c580	-81.57934233431189	-84.7995160198942	singlet
c581	-75.76164064911778	-75.27352650559142	singlet
c582	-66.13227064375671	-64.7052466300594	doublet
c583	-60.68599382797708	-68.16406470487347	singlet
c584	-75.55527365260333	-77.52264944717457	singlet
c585	-75.98654137711677	-88.39361993020665	singlet
c586	-52.268399414192906	-57.38337405960802	singlet
c587	-86.32537051979041	-85.5093583373807	singlet
c588	-66.32673531681361	-85.52432221997545	singlet
c589	-70.17263915980601	-71.17708772844804	singlet
c590	-54.95103520355032	-59.39404415641022	singlet
c591	-60.095130011662	-67.07315262921237	singlet
c592	-67.32332049208001	-70.65069674580033	singlet
c593	-53.91351682872852	-56.03969732726279	singlet
c594	-50.022702799038925	-55.26184723554869	singlet
c595	-61.40442546282739	-67.62934755416886	singlet
c596	-49.72676256446564	-57.83193724808977	singlet
c597	-76.59958563198168	-77.60377809185043	singlet
c598	-60.80427697670226	-61.715163177604445	singlet
c599	-72.14075380393257	-69.96897023754961	doublet
c600	-66.27838706513703	-72.03003735194409	singlet
c601	-70.83402927395593	-69.81977489141026	singlet
c602	-54.68745327259824	-56.93099457990686	singlet
c603	-73.57757306054751	-77.55692603999313	singlet
c604	-87.38703091770961	-90.26561447831178	singlet
c605	-54.50496827824303	-61.21516700360506	singlet
c606	-66.53239726726859	-65.96674365906551	singlet
c607	-60.82758983659147	-64.6011441460263	singlet
c608	-71.38563561585948	-75.96563060741005	singlet
c609	-83.0419275658503	-84.84694773375992	singlet
c610	-65.56563811998134	-67.31169724711621	singlet
c611	-71.10044984415822	-72.2676958882243	singlet
c612	-75.56086374901359	-76.07375659761885	singlet
c613	-67.5127708775928	-81.34997248380166	singlet
c614	-56.64780851296049	-73.28847177674622	singlet
c615	-75.72597963464052	-76.20015083351471	singlet
c616	-52.347819072322956	-65.07226269818872	singlet
c617	-70.86561045430838	-72.30641261048801	singlet
c618	-51.38019685106991	-58.21650461793578	singlet
c619	-56.384927001230814	-90.03620813724827	singlet
c620	-121.46309197524347	-99.94927289590366	doublet
c621	-62.03192557830537	-83.86425095343208	singlet
c622	-62.15492068161117	-63.20154873230832	singlet
c623	-73.38710227524848	-75.77492967533799	singlet
c624	-64.53047209542929	-68.28742905772906	singlet
c625	-71.49121630292422	-73.05595258380033	singlet
c626	-71.61913638992564	-77.00732162246872	singlet
c627	-53.60213697106825	-65.04083056728297	singlet
c628	-76.4753366560977	-76.76323909410277	singlet
c629	-71.7366590750656	-76.98712836700628	singlet
c630	-61.81394621123064	-67.8470604014196	singlet
c631	-64.81680321608204	-73.1815100442098	singlet
c632	-77.251998614894	-78.04477695224067	singlet
c633	-72.24686224624514	-78.7135535426653	singlet
c634	-63.18174034716543	-66.69515265671102	singlet
c635	-41.897753656191405	-56.58021741170596	singlet
c636	-78.87469047568322	-80.3048489823711	singlet
c637	-61.001235390931654	-68.8516316583253	singlet
c638	-66.37172599571693	-66.93020465647707	singlet
c639	-51.238619108981474	-67.68267176137999	singlet
c640	-41.97647432018524	-45.77539643836891	singlet
c641	-64.65973928511919	-63.7574892173378	singlet
c642	-93.2573414668878	-79.73083890419538	doublet
c643	-68.4870981645343	-72.35163083939175	singlet
c644	-69.97375276026006	-69.08830108953816	singlet
c645	-78.27884445956653	-79.0143126820933	singlet
c646	-53.45708302112017	-63.181229667935	singlet
c647	-51.61898528616192	-60.13897890940191	singlet
c648	-78.57392141778628	-76.0772265094923	doublet
c649	-56.023082763769494	-55.504153810960915	singlet
c650	-54.4950172694631	-58.574678572388756	singlet
c651	-54.26012597028481	-57.84052991734641	singlet
c652	-70.90663926505749	-71.5499510203814	singlet
c653	-56.78909220146613	-65.3707626223793	singlet
c654	-69.83927763095978	-72.88016625639247	singlet
c655	-49.88969583697356	-56.62894469028816	singlet
c656	-60.737072650480165	-63.393752144336524	singlet
c657	-51.3802122436784	-62.3184885657929	singlet
c658	-84.89240310969554	-82.4712289950478	doublet
c659	-70.35107751162946	-66.27570499219327	doublet
c660	-56.99015229391703	-60.3167353411677	singlet
c661	-79.52096508273554	-81.13414078233869	singlet
c662	-64.93890483980397	-88.17652477555933	singlet
c663	-70.49832808571551	-74.75125443841127	singlet
c664	-76.910178661848	-73.88356614264782	doublet
c665	-50.56656670721117	-52.05555814660106	singlet
c666	-72.24064472769774	-73.2787567640042	singlet
c667	-56.04733028953397	-60.104409262143086	singlet
c668	-68.99992467012275	-74.03519290587913	singlet
c669	-68.98149066537404	-71.57021672218491	singlet
c670	-82.00792116232022	-80.93623540998806	singlet
c671	-62.94891098591707	-64.88210111526723	singlet
c672	-46.47920566566508	-50.6351274102886	singlet
c673	-60.80100690323321	-70.00825279896021	singlet
c674	-69.44497006072191	-66.33456691168303	doublet
c675	-61.68891444374733	-64.06282510556177	singlet
c676	-73.29197425634511	-82.11289129584989	singlet
c677	-81.32873622954044	-83.4735404247934	singlet
c678	-100.45657921550134	-84.72846575182999	doublet
c679	-63.0730895850403	-64.78778772020357	singlet
c680	-81.74138932657306	-86.22545567018358	singlet
c681	-58.517874936120755	-66.60050510512909	singlet
c682	-71.41758984711807	-73.31684294198098	singlet
c683	-68.85719963979133	-68.96810738251186	singlet
c684	-80.33928146741395	-81.2620998146019	singlet
c685	-71.95641152784216	-76.6791688746195	singlet
c686	-60.23799200002366	-65.45749567334613	singlet
c687	-78.52342943544363	-79.85775033379868	singlet
c688	-74.86718910218441	-82.14320594932838	singlet
c689	-56.07829314643028	-58.593159833043245	singlet
c690	-74.67594016460728	-75.16572926922642	singlet
c691	-69.08209065949532	-72.16929230784234	singlet
c692	-62.81494836907671	-68.52455686384606	singlet
c693	-75.79388792852102	-76.76394767465118	singlet
c694	-51.98479045764683	-57.060214878625224	singlet
c695	-48.80674000709304	-55.97312324338153	singlet
c696	-42.18083201797317	-47.66928505344375	singlet
c697	-68.68589279611851	-68.60284092704185	singlet
c698	-69.9334682001188	-73.9160493859991	singlet
c699	-71.01888292370664	-72.194620501796	singlet
c700	-62.048819838541746	-61.97207888898135	singlet
c701	-67.6628352505916	-68.76417751885515	singlet
c702	-72.9233699139087	-71.73741819939747	singlet
c703	-75.37878239697802	-78.2746170609735	singlet
c704	-81.30945567840571	-78.92836059588458	doublet
c705	-67.9233786083303	-69.9949494168224	singlet
c706	-79.31489864825969	-77.94709597994849	singlet
c707	-73.94392384289317	-72.2250760465098	doublet
c708	-53.140956856343365	-55.46001381314968	singlet
c709	-56.15991528990211	-67.21664740644938	singlet
c710	-66.13277326880967	-69.06305894459591	singlet
c711	-64.40060222364123	-74.8181428674127	singlet
c712	-82.28991549812673	-79.46924722272439	doublet
c713	-44.9093988677941	-53.203569394496114	singlet
c714	-63.54388464057466	-63.98594771245268	singlet
c715	-68.04691293459788	-71.4636271146308	singlet
c716	-63.36850281416221	-61.976034305524436	doublet
c717	-69.61522654693384	-71.36586354533921	singlet
c718	-71.3249273712429	-73.00576707070769	singlet
c719	-80.16274889249118	-81.70261480154932	singlet
c720	-61.98792041837196	-65.51958359481105	singlet
c721	-50.76538260932132	-56.526954100856805	singlet
c722	-58.52001028737078	-62.89290446238488	singlet
c723	-41.414375018790665	-53.66053116469887	singlet
c724	-42.88962973520939	-48.26365414975025	singlet
c725	-53.9549002456559	-59.9473575847853	singlet
c726	-51.15106380064213	-56.43441480657105	singlet
c727	-56.47338748265758	-58.12645436926212	singlet
c728	-51.74872850099247	-60.799573049346264	singlet
c729	-66.45521231825721	-65.40371847614375	singlet
c730	-58.303360983601486	-61.89570401036496	singlet
c731	-72.07854631727734	-74.61846070531472	singlet
c732	-70.24947194187244	-74.55159612875218	singlet
c733	-61.027469858009944	-70.18029767482022	singlet
c734	-68.08950390712403	-76.61167079946918	singlet
c735	-57.02778211036755	-59.02804408195738	singlet
c736	-66.1564156751997	-68.47606389031769	singlet
c737	-74.77707099382206	-73.03871980578445	doublet
c738	-56.52703425268379	-62.70442235758285	singlet
c739	-61.97612463660908	-66.1724173058827	singlet
c740	-61.29703043361397	-61.88308406425227	singlet
c741	-65.18356281845135	-69.0429750396606	singlet
c742	-61.78105417820186	-68.99742369489275	singlet
c743	-45.47023514919041	-56.84177818495736	singlet
c744	-44.729344735659154	-54.28060665017407	singlet
c745	-62.7096359166914	-63.810999223492374	singlet
c746	-50.282445519467046	-54.58808029481657	singlet
c747	-58.15015334404973	-58.16944315758244	singlet
c748	-74.83667171962878	-84.49522176119903	singlet
c749	-88.76933943964394	-87.73045485131384	singlet
c750	-70.4726314390578	-73.15089859876612	singlet
c751	-70.78452488574867	-70.29366309478694	singlet
c752	-67.11131878772206	-77.83099560320395	singlet
c753	-87.95480940267745	-94.41329226235537	singlet
c754	-69.69521006888178	-73.64643125705558	singlet
c755	-78.19118865544164	-78.37266314239963	singlet
c756	-57.65734406555203	-63.375610396887204	singlet
c757	-76.20083863891597	-79.94017082487544	singlet
c758	-53.476176332135225	-62.36234319622908	singlet
c759	-65.64741464720063	-69.86424029637898	singlet
c760	-71.58854774052837	-71.1598832088567	singlet
c761	-60.12022068319295	-62.75030864543514	singlet
c762	-92.30845127561614	-95.90723064714493	singlet
c763	-83.51616669616992	-91.33293400996747	singlet
c764	-55.07051991689864	-58.13573402166918	singlet
c765	-69.82198953309492	-72.2025144196071	singlet
c766	-103.85567909138965	-87.73870921312515	doublet
c767	-59.59571902860576	-63.88315344876491	singlet
c768	-52.55846358106385	-78.38962740220636	singlet
c769	-57.8819321716693	-62.775246331222775	singlet
c770	-62.45453961265777	-62.32319964752689	singlet
c771	-51.561551225339905	-53.47685303385476	singlet
c772	-74.84021440450486	-74.44982934677972	singlet
c773	-66.9628261032741	-69.94762773823106	singlet
c774	-50.98201967960111	-61.88280579906019	singlet
c775	-63.384292679127675	-72.17870242167314	singlet
c776	-68.37792077308121	-69.28736634642955	singlet
c777	-45.65928917308605	-56.766755523769916	singlet
c778	-52.8789329414378	-59.2611768763801	singlet
c779	-70.99154048753684	-74.70122079756737	singlet
c780	-53.68704892395	-67.01722744161418	singlet
c781	-88.89318027286211	-94.09562857903072	singlet
c782	-76.93427249904882	-75.19970352453275	doublet
c783	-63.25972414910867	-61.65635893944026	doublet
c784	-46.048953962311174	-51.481656978303754	singlet
c785	-66.91088543867387	-66.62557427264528	singlet
c786	-69.31651374954635	-71.49212025796888	singlet
c787	-53.78576964361646	-57.033173946621424	singlet
c788	-75.00617027379491	-76.8623949920678	singlet
c789	-102.80862364432352	-86.55011338967374	doublet
c790	-77.50723311251035	-79.7397642970732	singlet
c791	-58.09953558502879	-59.39809850627934	singlet
c792	-72.36875367474686	-75.32573595194543	singlet
c793	-69.9228660168092	-71.63614861669559	singlet
c794	-57.1114177304306	-57.590105761239194	singlet
c795	-59.219671242155364	-62.248353334795375	singlet
c796	-62.16123438077317	-67.25850218970743	singlet
c797	-57.62927583619221	-59.23775696809873	singlet
c798	-66.32772411929494	-70.01808096768866	singlet
c799	-61.67680139955971	-62.137938008455755	singlet
c800	-60.71561092649427	-66.39552505590838	singlet
c801	-86.47687174522035	-74.12072465363357	doublet
c802	-42.65476180651375	-46.301823615674365	singlet
c803	-42.90757668822752	-51.938710582380075	singlet
c804	-77.60794303782075	-81.8758310904037	singlet
c805	-78.156685763035	-79.9477624336379	singlet
c806	-57.180501712523544	-57.460174217139055	singlet
c807	-65.23823874463066	-68.55517714433591	singlet
c808	-59.593481446974295	-61.70151566771228	singlet
c809	-54.469468532288616	-62.0930640057847	singlet
c810	-71.96639390953425	-74.73226996994262	singlet
c811	-54.89549945157228	-60.82538037880137	singlet
c812	-49.393404360053964	-52.96318066088808	singlet
c813	-73.95036655677495	-83.08566505902787	singlet
c814	-53.210092824917666	-63.851864320185946	singlet
c815	-71.8890643979091	-76.66455099387174	singlet
c816	-76.6989925616113	-78.8440316112019	singlet
c817	-66.55495859021616	-66.47663741049357	singlet
c818	-88.04144942206543	-97.79674122293022	singlet
c819	-76.86580951342023	-76.23152832362707	singlet
c820	-83.8127372770605	-85.64217845614134	singlet
c821	-62.098854036820285	-67.18804095010623	singlet
c822	-72.44558867147596	-76.67896946739621	singlet
c823	-48.671954041985586	-55.14785820238695	singlet
c824	-76.90757230219884	-75.30204512223939	doublet
c825	-67.12313419582715	-71.3298566024583	singlet
c826	-45.60891290239318	-47.740284266753626	singlet
c827	-76.9643503104264	-79.22300161684642	singlet
c828	-73.56351995697663	-76.79464586981817	singlet
c829	-77.40334176895222	-78.5142827104913	singlet
c830	-66.38328840849368	-66.61810487393801	singlet
c831	-59.127027010845886	-87.3844503963526	singlet
c832	-69.96594508101083	-70.28617501340553	singlet
c833	-59.1087725716888	-63.69216126497255	singlet
c834	-70.18027654463678	-75.17126433272463	singlet
c835	-68.3460721707313	-68.04679394960576	singlet
c836	-54.34659496091159	-66.59073846816652	singlet
c837	-71.25070750024082	-85.46430364956193	singlet
c838	-77.39542328055602	-75.51531099830457	doublet
c839	-62.224225222550494	-63.19679243431208	singlet
c840	-53.80535838792839	-55.77837994327077	singlet
c841	-79.02337495799121	-81.08798341773665	singlet
c842	-75.25387124525768	-82.54214133993179	singlet
c843	-77.03995255110675	-72.7092682069004	doublet
c844	-70.0200886862105	-119.5875003741588	singlet
c845	-47.924846147714646	-53.53378028482512	singlet
c846	-109.86923973962755	-88.41841514649678	doublet
c847	-77.03603717300957	-74.68086522373078	doublet
c848	-60.825127284830835	-64.9948192583993	singlet
c849	-71.76725096634243	-73.22802912320356	singlet
c850	-51.88527528225244	-61.58577138288219	singlet
c851	-63.46356647884065	-74.71350023495883	singlet
c852	-65.3013692320198	-68.93437980579532	singlet
c853	-57.06924748940544	-61.53576736670917	singlet
c854	-86.20429335492827	-85.62069345627258	singlet
c855	-54.61088871522406	-58.076672205851956	singlet
c856	-59.48757547247732	-68.63708470675111	singlet
c857	-74.79935799086338	-73.85715705165869	singlet
c858	-69.39212628300294	-77.28947410290345	singlet
c859	-85.30892736327051	-70.4559112447609	doublet
c860	-71.43904316661089	-72.83648101201732	singlet
c861	-60.97431047733572	-64.69663137073479	singlet
c862	-115.86844635808578	-95.68930524874295	doublet
c863	-77.48023787576741	-78.41071976465773	singlet
c864	-76.82241496411362	-79.09280357191697	singlet
c865	-46.634418126664784	-51.987136785503324	singlet
c866	-71.61606843917502	-77.00921053432049	singlet
c867	-71.38683022138625	-72.2761234319349	singlet
c868	-75.31684784871175	-81.47349875426156	singlet
c869	-66.18010776918526	-67.34055779303162	singlet
c870	-85.52290666644508	-88.53850895776957	singlet
c871	-65.3489241527279	-67.45362065524495	singlet
c872	-77.71481350654116	-79.84243381182387	singlet
c873	-80.84107303760194	-82.37986721949666	singlet
c874	-69.5938087501537	-70.64597674246421	singlet
c875	-49.430731668657906	-69.88138648310756	singlet
c876	-62.3929926808308	-65.02246236409961	singlet
c877	-44.82843908312443	-51.78498030349141	singlet
c878	-56.668140243783085	-56.522004813893155	singlet
c879	-46.5944144949716	-59.50810485807321	singlet
c880	-54.97546212730369	-59.642331227813564	singlet
c881	-78.65650976052795	-77.50642396561572	singlet
c882	-79.70695070357546	-86.92425740933875	singlet
c883	-66.41684153244427	-65.23918420168422	singlet
c884	-79.18775787889055	-79.25748877920354	singlet
c885	-117.0100735662853	-97.88226933714137	doublet
c886	-77.92511157055827	-81.21621269727075	singlet
c887	-35.81869526146093	-44.70657897217097	singlet
c888	-68.2098510651548	-65.25567425117403	doublet
c889	-104.58613850219915	-93.20188986353594	doublet
c890	-73.57241568325765	-74.34898177000801	singlet
c891	-51.88524226595494	-54.77868233687055	singlet
c892	-65.52596233271852	-71.65173919783722	singlet
c893	-73.80719086682558	-74.43111950776482	singlet
c894	-80.48614287565277	-82.38317872451421	singlet
c895	-69.17561025399333	-76.46082177484054	singlet
c896	-42.80249960323281	-49.611617503420405	singlet
c897	-79.67939554732261	-81.8412949601716	singlet
c898	-89.040121756267	-90.16275072474662	singlet
c899	-82.17127922297638	-81.78379584862654	singlet
c900	-62.607316092140316	-73.55759358505209	singlet
c901	-70.59541661623153	-70.60609609492387	singlet
c902	-66.2921893626027	-70.69417176587403	singlet
c903	-66.66285188485304	-68.73400771848553	singlet
c904	-55.22546092834284	-63.5226780148784	singlet
c905	-57.21737923623333	-60.97459048303727	singlet
c906	-88.23213967344019	-93.5269140779182	singlet
c907	-72.8592814210335	-71.49015903018712	singlet
c908	-77.76808873370793	-81.03263140814698	singlet
c909	-55.05506267285406	-59.74475186040978	singlet
c910	-73.41941614800811	-78.06188230291643	singlet
c911	-74.29136905678654	-73.42233102358276	singlet
c912	-62.56488882038581	-66.7762203855891	singlet
c913	-62.592008875329114	-67.14225302769762	singlet
c914	-53.23399005298233	-53.76956475421808	singlet
c915	-58.28241426180203	-69.43333567090866	singlet
c916	-114.47920393879582	-96.74385121259077	doublet
c917	-71.03145841258097	-74.14360875848	singlet
c918	-54.2418502049879	-64.27379350705255	singlet
c919	-83.0015953296233	-82.26190162423816	singlet
c920	-58.178362681077964	-74.08660528587849	singlet
c921	-60.93091934905599	-68.07441910651742	singlet
c922	-77.46262052625879	-79.64303434922056	singlet
c923	-52.363797484187494	-55.08956342484306	singlet
c924	-76.70743104067472	-78.12382511121854	singlet
c925	-65.98649070997524	-67.90682134670227	singlet
c926	-62.315702779186054	-63.71840107029636	singlet
c927	-68.40472899525743	-71.55970564500882	singlet
c928	-71.62224960997176	-71.29730295593572	singlet
c929	-82.59639780843106	-82.65155039938121	singlet
c930	-79.6871455580069	-81.71685853432287	singlet
c931	-67.5362845205859	-92.95732928027508	singlet
c932	-76.89432608029779	-79.06945607550799	singlet
c933	-55.96667074600583	-57.02659596135342	singlet
c934	-75.53529544262068	-78.56490347464991	singlet
c935	-67.00465530397148	-64.81683616209335	doublet
c936	-72.90277659745556	-68.19622593935277	doublet
c937	-63.078775899044686	-66.94527528995383	singlet
c938	-82.57801758320515	-82.27432792293274	singlet
c939	-77.42561998690194	-81.79918237223188	singlet
c940	-90.14937614894347	-91.61094368989343	singlet
c941	-57.64715256076737	-63.89713509796922	singlet
c942	-58.2720628197428	-63.911562401612734	singlet
c943	-58.98236812754688	-62.35544895665404	singlet
c944	-64.98890775054087	-67.04413178162362	singlet
c945	-50.578034224086416	-55.184764600726275	singlet
c946	-71.92975092660896	-69.72890761985492	doublet
c947	-71.14538611580683	-74.28690910239617	singlet
c948	-81.12532651285903	-81.21443331540017	singlet
c949	-89.74501010103516	-90.49364824711854	singlet
c950	-75.92599942067528	-76.81582195859993	singlet
c951	-63.45257112066254	-69.99941052392336	singlet
c952	-51.40270695120839	-57.12094294463926	singlet
c953	-79.60249458589848	-86.40903712856164	singlet
c954	-82.81285686532173	-86.66497625308865	singlet
c955	-81.90335530810556	-82.6079273367941	singlet
c956	-64.89261813150935	-68.8809900634229	singlet
c957	-78.75036210548691	-78.71743678490935	singlet
c958	-40.782676423455854	-45.57577959670483	singlet
c959	-57.58115368377506	-81.42318074954997	singlet
c960	-67.33279140023379	-71.14878745057206	singlet
c961	-66.73481421983715	-68.92456213899929	singlet
c962	-78.92464968246402	-79.97479230075048	singlet
c963	-90.09023351008793	-89.27349379839895	singlet
c964	-73.41332687531889	-75.97766808471414	singlet
c965	-82.78453166006388	-84.2930033048809	singlet
c966	-70.4714019585902	-73.07644978447125	singlet
c967	-84.99298157350816	-84.120285677406	singlet
c968	-55.38736997602633	-56.782765946197806	singlet
c969	-77.912147435543	-76.18279474355421	doublet
c970	-65.06894314386436	-64.79594978833293	singlet
c971	-63.35924605763202	-65.4174306671292	singlet
c972	-77.44014618328409	-78.65524381075468	singlet
c973	-83.90023845494062	-87.70796879727007	singlet
c974	-64.71491042042861	-73.83178032227706	singlet
c975	-75.29471940578237	-80.10968708854213	singlet
c976	-63.924307616084555	-63.66486944261041	singlet
c977	-72.85969826752905	-74.12234409061583	singlet
c978	-119.00230535623646	-103.0326868707011	doublet
c979	-62.82040018561461	-63.571394032069975	singlet
c980	-62.97871802153427	-67.0202732294521	singlet
c981	-54.236574427952576	-61.408727228265946	singlet
c982	-78.26052884761876	-80.04890608931443	singlet
c983	-87.71425435363913	-89.94076842743895	singlet
c984	-64.65504401267731	-65.43262902224207	singlet
c985	-61.34727899884388	-64.34452724326589	singlet
c986	-59.04484604288996	-70.11377410913902	singlet
c987	-65.2997543525397	-80.87303298660579	singlet
c988	-56.027618546591796	-62.90720789000744	singlet
c989	-77.72087685941541	-75.71046030527599	doublet
c990	-62.356135688239796	-68.96320156962761	singlet
c991	-75.46236764041942	-74.04745377335186	doublet
c992	-59.909754131779266	-86.12296092498646	singlet
c993	-68.1197064486122	-66.57115206915124	doublet
c994	-64.58499320598864	-69.15304078037958	singlet
c995	-66.56644332041562	-72.50384226109296	singlet
c996	-94.93153958664756	-79.08079386472596	doublet
c997	-75.0990988156459	-76.56228944198415	singlet
c998	-61.53031290191921	-62.116917337784365	singlet
c999	-66.92647798683191	-69.26188220476561	singlet
c1000	-63.40474563370508	-65.8358386443419	singlet
c1001	-59.20123022213288	-61.513277210179425	singlet
c1002	-80.64569663417126	-82.00240003264607	singlet
c1003	-50.99570076461589	-54.58399508049226	singlet
c1004	-71.0523361952276	-72.85732383247958	singlet
c1005	-73.99419519612097	-75.0677614037965	singlet
c1006	-106.91221831777992	-86.64988220158482	doublet
c1007	-59.96736934016335	-67.45803152771444	singlet
c1008	-55.6085907172465	-59.60742780993935	singlet
c1009	-64.7928451786067	-74.1980329455024	singlet
c1010	-72.84776504699852	-74.9241682864546	singlet
c1011	-63.37993248657739	-67.80830684117004	singlet
c1012	-55.95314520571609	-60.390882874783294	singlet
c1013	-82.21234819549281	-84.02570102670394	singlet
c1014	-77.4566428987566	-77.13821174188632	singlet
c1015	-63.763770316560525	-70.48167461509497	singlet
c1016	-66.75446467134765	-71.76220451518095	singlet
c1017	-55.472112266088125	-67.9960551927201	singlet
c1018	-77.43211815994049	-80.69384290409306	singlet
c1019	-58.63603627160801	-65.14086826886316	singlet
c1020	-58.42033153454841	-62.21067248955662	singlet
c1021	-77.68250329707979	-80.9709241858022	singlet
c1022	-70.5620128641016	-71.14626023062733	singlet
c1023	-119.41613394028892	-95.94088390224493	doublet
c1024	-73.77726358209244	-104.7211463573217	singlet
c1025	-70.91682644712537	-78.18901459594217	singlet
c1026	-65.7918584116071	-68.05216588567949	singlet
c1027	-51.30629399463163	-65.30280833061474	singlet
c1028	-66.13121687682239	-70.30079124248968	singlet
c1029	-74.75995772819518	-78.38451732668425	singlet
c1030	-80.92031198813294	-78.15534044714344	doublet
c1031	-72.58462920202656	-78.03191888079199	singlet
c1032	-45.778671862435445	-57.347475023323895	singlet
c1033	-61.077451406117675	-61.82295035380318	singlet
c1034	-74.8342645070686	-75.57762524246846	singlet
c1035	-76.43219760749203	-74.34019127912502	doublet
c1036	-68.66202057889956	-73.01558610272501	singlet
c1037	-78.95680912751536	-77.8497865429961	singlet
c1038	-66.7130182721801	-69.73415252815965	singlet
c1039	-78.95031522167096	-81.35545227854432	singlet
c1040	-73.04553763106682	-72.3266774384694	singlet
c1041	-65.6005233137866	-72.6922023187623	singlet
c1042	-73.66294461867014	-72.02279431986275	doublet
c1043	-55.53297933596004	-57.339437647116895	singlet
c1044	-64.43160123675983	-65.93944192471425	singlet
c1045	-83.69948601808345	-86.96901259308646	singlet
c1046	-65.23821202901634	-81.67967627430674	singlet
c1047	-68.86476841983495	-70.73735331955601	singlet
c1048	-80.89000243284097	-84.52745229353206	singlet
c1049	-68.2624984783691	-68.80430749971693	singlet
c1050	-55.803483398144984	-59.02867862894162	singlet
c1051	-59.0207519898649	-62.20206978734805	singlet
c1052	-66.27186760061892	-73.6576770358126	singlet
c1053	-84.94667994782426	-87.98960368882643	singlet
c1054	-65.6731448777667	-70.92490961267414	singlet
c1055	-79.50833113301947	-86.63172884632347	singlet
c1056	-45.45317479027871	-49.87466834549156	singlet
c1057	-69.94425815068055	-69.35761986473581	singlet
c1058	-72.90897060488932	-72.79326620145979	singlet
c1059	-79.14815993050628	-81.00017209078445	singlet
c1060	-89.2615217206547	-89.33544977539367	singlet
c1061	-77.85030076578191	-78.81149562692298	singlet
c1062	-79.38242514275261	-81.71387153538457	singlet
c1063	-47.67159371435853	-54.065876077372366	singlet
c1064	-61.51531098714662	-65.95659494587723	singlet
c1065	-67.95116418315322	-69.05215781136117	singlet
c1066	-44.843146208973636	-49.07376086283019	singlet
c1067	-58.328624963066886	-61.949507871946366	singlet
c1068	-72.69289815282347	-77.64471085139726	singlet
c1069	-72.23223179510316	-72.76792278219249	singlet
c1070	-71.46052358311401	-73.09530197589346	singlet
c1071	-47.29391947297111	-50.746314811703044	singlet
c1072	-49.921860608124454	-57.34483876543353	singlet
c1073	-80.01761874637239	-80.62218177207649	singlet
c1074	-65.00317979061019	-70.776587642694	singlet
c1075	-66.92072213706074	-70.91132383485453	singlet
c1076	-77.8404039637889	-78.88822914917546	singlet
c1077	-59.83156428249665	-74.57958832189654	singlet
c1078	-66.50915172405065	-72.71429620667675	singlet
c1079	-66.8433594193892	-67.10363136917174	singlet
c1080	-61.629554727384296	-65.40116514163546	singlet
c1081	-72.31978200355694	-67.49266805297262	doublet
c1082	-41.42430645549982	-46.06742163319451	singlet
c1083	-63.96318597931569	-68.4612652089356	singlet
c1084	-57.8605206624348	-66.59819775137507	singlet
c1085	-54.20282495609583	-54.22046132446279	singlet
c1086	-62.74271111709092	-63.86498769381188	singlet
c1087	-46.243787217693296	-54.478696112853655	singlet
c1088	-75.23933873511191	-81.92978116339859	singlet
c1089	-75.46424880967102	-76.6126417413941	singlet
c1090	-63.211097376050404	-69.08540753477679	singlet
c1091	-71.62842885441933	-76.46077232143334	singlet
c1092	-49.5244128189915	-55.03129228276971	singlet
c1093	-43.759143958366	-51.773722522574154	singlet
c1094	-75.99060591388405	-81.03041139193799	singlet
c1095	-60.86498299276622	-64.49098495814894	singlet
c1096	-65.57381288251753	-66.07193787736908	singlet
c1097	-68.73036757565211	-71.82490868855487	singlet
c1098	-71.6314409631277	-71.56398873259732	singlet
c1099	-41.68819690677568	-47.35151059580784	singlet
c1100	-56.16260821935036	-60.41330503875999	singlet
c1101	-43.57756125396396	-48.778242079272786	singlet
c1102	-59.892806520708376	-65.14959115816957	singlet
c1103	-76.05231741962272	-80.03480488120594	singlet
c1104	-84.43838849646096	-84.4547962872413	singlet
c1105	-70.85690569048005	-75.0000091087413	singlet
c1106	-56.66910739457995	-60.623561583533956	singlet
c1107	-66.57985279376274	-69.3001159990347	singlet
c1108	-66.42961401749258	-67.13675461656638	singlet
c1109	-74.3564228986199	-70.60905297973056	doublet
c1110	-69.15699078590991	-68.68604775415702	singlet
c1111	-72.971683469978	-76.66244200994315	singlet
c1112	-62.16650193491894	-67.33733065480683	singlet
c1113	-78.75574880031778	-77.42289644342996	singlet
c1114	-47.678712294612865	-78.50531313886823	singlet
c1115	-49.23964939076629	-54.11516158394229	singlet
c1116	-106.8000238261025	-92.44161915972413	doublet
c1117	-74.79422687976434	-79.20943378886217	singlet
c1118	-64.48222851672327	-66.99038906293259	singlet
c1119	-54.51703363404225	-62.87274032717202	singlet
c1120	-75.33834645299875	-74.93891548124083	singlet
c1121	-59.12013768999741	-69.26924395185858	singlet
c1122	-63.44908760253385	-66.67553220083886	singlet
c1123	-76.69142742114104	-78.81584670174857	singlet
c1124	-76.81099748861645	-86.00473479698633	singlet
c1125	-74.03234004839105	-97.84534396136289	singlet
c1126	-68.4231989977316	-90.05782347905208	singlet
c1127	-84.87205069913236	-88.14408425591766	singlet
c1128	-60.676815455639996	-64.53804399707386	singlet
c1129	-62.63252452988312	-67.01030703198097	singlet
c1130	-47.14762564270229	-51.56019105080483	singlet
c1131	-54.968729779314096	-60.327376206361826	singlet
c1132	-83.25093133729368	-86.05845987002532	singlet
c1133	-51.950922166052145	-60.04807608174211	singlet
c1134	-83.07034523849266	-82.73091491068159	singlet
c1135	-68.59466852260987	-68.26147531241892	singlet
c1136	-56.1589501949692	-65.91342176311653	singlet
c1137	-69.63826604646492	-69.38782508432843	singlet
c1138	-69.11792196639647	-68.9791726022951	singlet
c1139	-70.7305995346163	-75.90190498353871	singlet
c1140	-47.14407151981932	-58.04439743351911	singlet
c1141	-40.67742599091756	-50.46798138904033	singlet
c1142	-112.68908292033622	-95.49733102973444	doublet
c1143	-62.85796141413735	-61.01458334891628	doublet
c1144	-72.36660666284796	-73.03730228324382	singlet
c1145	-62.93845532665842	-70.3995092363824	singlet
c1146	-65.4314443844217	-69.875025608214	singlet
c1147	-72.52729174421206	-73.66001285229117	singlet
c1148	-83.40847813578931	-84.41736887538563	singlet
c1149	-76.66715186024973	-76.880912518702	singlet
c1150	-80.7674451450208	-82.35613472420901	singlet
c1151	-66.30906374621507	-72.87066101602535	singlet
c1152	-60.007587901445035	-66.58026452543223	singlet
c1153	-72.43714786760273	-72.60452635063254	singlet
c1154	-106.18835011246773	-88.53161115526972	doublet
c1155	-46.603431451189515	-61.04114048488893	singlet
c1156	-61.13899352398477	-59.76235046599588	singlet
c1157	-60.531356665290446	-64.57498388173967	singlet
c1158	-80.84387782130614	-80.26856749388271	singlet
c1159	-68.72600155895825	-69.94489141789403	singlet
c1160	-56.329552075605456	-56.65679088233122	singlet
c1161	-48.31217435901662	-52.004189166150745	singlet
c1162	-72.15241811638766	-84.01292171053765	singlet
c1163	-69.1327658274354	-72.76927039809131	singlet
c1164	-57.46906489466071	-63.58693737914246	singlet
c1165	-63.723827711796226	-75.20135969549983	singlet
c1166	-91.46048505088066	-96.89562628237583	singlet
c1167	-62.31141654795881	-66.32759431276156	singlet
c1168	-68.36178029796983	-74.42291084415352	singlet
c1169	-70.08986120694316	-70.26148310502263	singlet
c1170	-118.4973168526138	-103.64571944421651	doublet
c1171	-62.5604209501778	-65.75489607945268	singlet
c1172	-63.72617876155909	-68.51287890105945	singlet
c1173	-70.93438356391835	-75.22741790958854	singlet
c1174	-67.30616751023592	-68.66074218820282	singlet
c1175	-76.93786079289923	-78.5007835402028	singlet
c1176	-60.216543207407796	-66.01822569527462	singlet
c1177	-80.65360393039751	-78.96758121706101	doublet
c1178	-55.753314977134934	-62.5203429738543	singlet
c1179	-72.19755385322071	-69.62234150014321	doublet
c1180	-48.089515634540014	-50.94535081291279	singlet
c1181	-62.44443152226294	-86.64181125568543	singlet
c1182	-60.73819903490288	-63.556661699491976	singlet
c1183	-41.66709108117248	-47.122218354046176	singlet
c1184	-55.805504508368394	-61.91358539342329	singlet
c1185	-63.79566761149227	-67.33259326772868	singlet
c1186	-77.34272861299719	-80.59528310220466	singlet
c1187	-75.81319074301356	-89.12712325078618	singlet
c1188	-66.87671054236965	-71.51723541301546	singlet
c1189	-67.38536816943481	-70.27852904615033	singlet
c1190	-73.35138507981195	-75.73342533923446	singlet
c1191	-75.00215357180673	-75.80700359528873	singlet
c1192	-43.36807758089072	-46.77226039307466	singlet
c1193	-88.81553270918323	-89.87366228821872	singlet
c1194	-72.77602017278728	-73.20988504842474	singlet
c1195	-51.231253451996345	-77.71700132929834	singlet
c1196	-62.16960849050915	-67.47867494596	singlet
c1197	-56.967525431572525	-65.71588685712979	singlet
c1198	-67.53680356453765	-73.68613517296822	singlet
c1199	-65.28478749651433	-67.63803825204054	singlet
c1200	-61.085229712120025	-63.16909898086788	singlet
c1201	-75.49071682310225	-74.0924120569192	doublet
c1202	-70.05383185018981	-67.73436738488137	doublet
c1203	-62.107478718814264	-69.53735749672093	singlet
c1204	-79.96960445647126	-80.59372525631801	singlet
c1205	-48.87780095673311	-55.27978029206622	singlet
c1206	-75.31031794499685	-75.58788581067463	singlet
c1207	-74.5770895004964	-78.05806884210142	singlet
c1208	-62.65480335736659	-68.7496220460409	singlet
c1209	-74.21558304528453	-84.14630740268055	singlet
c1210	-66.66175076568868	-91.18788266008201	singlet
c1211	-67.90587295561083	-74.50800679289654	singlet
c1212	-77.94424345413589	-80.0184008240885	singlet
c1213	-45.643549161611006	-55.933172857328636	singlet
c1214	-60.37311494764867	-62.02165409700991	singlet
c1215	-67.83995116027899	-67.51682365435813	singlet
c1216	-60.29520162043997	-64.50977075482767	singlet
c1217	-72.90682093889204	-68.31854306671136	doublet
c1218	-80.89258006070989	-83.98823195726195	singlet
c1219	-73.66938532057482	-72.20212159389465	doublet
c1220	-58.47929647255837	-63.99394518405335	singlet
c1221	-52.097219448809355	-61.93509073922328	singlet
c1222	-56.64494101808536	-75.60376307818353	singlet
c1223	-85.42559150027103	-88.26199062142229	singlet
c1224	-52.81988997599845	-58.54480907824269	singlet
c1225	-52.09013846180295	-60.763994167770655	singlet
c1226	-58.039032393856544	-61.77058622682391	singlet
c1227	-55.68490807056376	-74.1041421156016	singlet
c1228	-78.98674755524897	-80.40075775622591	singlet
c1229	-64.66886915198259	-68.53496502880573	singlet
c1230	-69.73003805536891	-73.12188113917972	singlet
c1231	-59.21794024627739	-63.424752488778275	singlet
c1232	-75.22055698839182	-76.3632937832738	singlet
c1233	-63.62203184836922	-68.81817409878076	singlet
c1234	-50.8698216056669	-62.07745548453724	singlet
c1235	-66.38569469526915	-72.19240248702343	singlet
c1236	-61.0832563968383	-67.41374001476494	singlet
c1237	-78.9503453289403	-74.12906715554108	doublet
c1238	-53.77502647286572	-76.05363873652523	singlet
c1239	-58.66302990602262	-63.879789734963396	singlet
c1240	-55.29864461305829	-69.31655260506093	singlet
c1241	-101.49811513236222	-88.22913791418114	doublet
c1242	-71.49197006343805	-71.23740643022968	singlet
c1243	-62.14093706206382	-69.30156314683627	singlet
c1244	-71.03824113371006	-74.8126625176673	singlet
c1245	-64.17645633560174	-73.85290992735179	singlet
c1246	-36.07199165318793	-42.00228815096607	singlet
c1247	-59.03062973097725	-71.97549140190398	singlet
c1248	-59.772438075019	-65.25086487924983	singlet
c1249	-87.63862781246065	-86.36747868004103	singlet
c1250	-79.74290001275347	-78.33663526700775	doublet
c1251	-68.44129337604278	-75.81746858747154	singlet
c1252	-74.03123558095967	-73.28410861182296	singlet
c1253	-78.33746190053586	-77.0756773484739	singlet
c1254	-67.10600321811532	-73.37518154530646	singlet
c1255	-87.58239528747093	-88.62038922370009	singlet
c1256	-68.88323564721387	-70.7157642104943	singlet
c1257	-79.90048934488722	-79.91321634202075	singlet
c1258	-76.47377946301734	-90.30248902878431	singlet
c1259	-86.38719748974313	-89.54097560988302	singlet
c1260	-71.46256803478957	-73.74226538664561	singlet
c1261	-50.634383336129034	-70.84752952379294	singlet
c1262	-64.57277846419002	-67.97286488982128	singlet
c1263	-56.53384245712584	-68.26619178736513	singlet
c1264	-80.87051453314022	-84.87857139867936	singlet
c1265	-52.504522023738005	-56.71067273211358	singlet
c1266	-63.593967549727985	-67.6321942462163	singlet
c1267	-75.13018337747279	-81.3141319533121	singlet
c1268	-64.05681933186355	-76.51000008153854	singlet
c1269	-56.09047162184913	-63.57650243534637	singlet
c1270	-82.68992440883864	-85.10766207670531	singlet
c1271	-69.4024586748943	-69.47294830609259	singlet
c1272	-75.99547696980648	-78.6902226982484	singlet
c1273	-64.67474374020485	-88.86745490651516	singlet
c1274	-72.63470259151703	-76.34978610729512	singlet
c1275	-74.74476033505677	-78.6335508751423	singlet
c1276	-62.63994880383313	-65.86869883287602	singlet
c1277	-62.521402804953276	-67.08718512278305	singlet
c1278	-59.76551895880619	-65.23485062260639	singlet
c1279	-73.02738463039393	-76.74743822318659	singlet
c1280	-83.14497702224584	-83.89017218344674	singlet
c1281	-83.01100422820953	-86.28620698664884	singlet
c1282	-67.5101114574454	-72.2385632696944	singlet
c1283	-62.82531011262467	-62.86371683310336	singlet
c1284	-83.28638075578559	-85.26657994824416	singlet
c1285	-86.21019712045208	-87.56934490158875	singlet
c1286	-74.50820319106165	-82.10557011484562	singlet
c1287	-96.47217840917382	-86.51903039475992	doublet
c1288	-58.48389370898425	-58.089468607983605	singlet
c1289	-85.58854208269241	-84.43703894091766	singlet
c1290	-58.0918307644117	-63.69000417761597	singlet
c1291	-82.60993747810204	-83.37392572148536	singlet
c1292	-62.18911739560379	-65.60865889260036	singlet
c1293	-65.5659683456124	-68.75613768173294	singlet
c1294	-75.05909005906356	-72.64708974701304	doublet
c1295	-70.00052930966687	-76.59294657341133	singlet
c1296	-56.38852833945462	-64.0834183790968	singlet
c1297	-55.99652240090899	-62.093272676389056	singlet
c1298	-66.82166006549072	-69.57900900717343	singlet
c1299	-76.55584187198511	-79.408417145447	singlet
c1300	-50.35354370965617	-53.87497100567776	singlet
c1301	-64.51951209821507	-63.84625631220393	singlet
c1302	-69.7215652023592	-74.57831535106114	singlet
c1303	-38.80992678000466	-44.10702063092219	singlet
c1304	-80.2218201816215	-81.83014011333191	singlet
c1305	-73.24041933655926	-79.3059512951584	singlet
c1306	-65.18166121017896	-71.62803904876152	singlet
c1307	-94.07284418780854	-83.76120996350421	doublet
c1308	-75.68108538246494	-79.8026695266367	singlet
c1309	-84.92825836394496	-83.49043595898021	doublet
c1310	-49.399866681000205	-61.15783676509238	singlet
c1311	-45.11925692383852	-51.66027939985923	singlet
c1312	-75.45484024932563	-76.82514250101345	singlet
c1313	-68.0838340189203	-71.86679598081645	singlet
c1314	-78.04002150393757	-79.70478404572995	singlet
c1315	-41.695502207545374	-47.60883804560686	singlet
c1316	-72.29791084806695	-76.59411497677947	singlet
c1317	-69.56541617918795	-71.42067688863392	singlet
c1318	-59.48133548193125	-64.90076840562932	singlet
c1319	-65.97048848932435	-69.20578748211553	singlet
c1320	-70.06327897074401	-68.01934227184923	doublet
c1321	-80.10762977788994	-85.0820852261881	singlet
c1322	-71.90300553958726	-94.77130115814668	singlet
c1323	-72.04356084127762	-73.32462599174151	singlet
c1324	-71.29578894268087	-73.71260854439663	singlet
c1325	-50.34279619141334	-60.60283068824575	singlet
c1326	-56.520464489644645	-62.04028475895384	singlet
c1327	-64.97858967478813	-68.92072071405961	singlet
c1328	-78.87602369130063	-79.94960084142367	singlet
c1329	-45.15613749956276	-50.77372638643076	singlet
c1330	-68.63657073863831	-71.08027268929908	singlet
c1331	-61.53195540701335	-76.15059900814734	singlet
c1332	-61.751897159592986	-65.56634909240495	singlet
c1333	-75.66553867382461	-76.63807821630968	singlet
c1334	-82.53524286539113	-83.07203732141335	singlet
c1335	-61.065728792571456	-68.66398497060875	singlet
c1336	-79.10043391957365	-79.76256530116578	singlet
c1337	-67.11018929798247	-79.15602923615992	singlet
c1338	-74.60063675398048	-73.05217085162896	doublet
c1339	-93.57146291759192	-98.0523064307296	singlet
c1340	-87.0601519191299	-87.51798939161839	singlet
c1341	-67.02193278414441	-73.87498616454988	singlet
c1342	-66.0346781562379	-113.61019941289763	singlet
c1343	-79.78385120124183	-82.62325221191622	singlet
c1344	-86.99567058138123	-147.29782553146117	singlet
c1345	-57.442209070378354	-80.08000420837323	singlet
c1346	-79.94529848894089	-83.08209298692687	singlet
c1347	-68.6272176880983	-71.1578827875538	singlet
c1348	-63.220940031590374	-62.38249349317448	singlet
c1349	-66.37672689291725	-68.15185599828096	singlet
c1350	-64.99351795461804	-66.0918794211411	singlet
c1351	-58.070270765414236	-63.60013988106489	singlet
c1352	-81.69289579094738	-81.08943049595598	singlet
c1353	-70.45308471360049	-72.16666341245887	singlet
c1354	-79.1266266754325	-78.1656469195579	singlet
c1355	-79.3586801290798	-80.56978668137083	singlet
c1356	-74.3933568707808	-77.00580692995058	singlet
c1357	-64.41627172968593	-69.21805529284109	singlet
c1358	-68.06922788790321	-74.75471732081077	singlet
c1359	-66.20820594112614	-65.34910592918074	singlet
c1360	-59.07647461231355	-62.98138903086327	singlet
c1361	-58.345902237998864	-63.708516102515006	singlet
c1362	-44.87265003659971	-49.570346492977734	singlet
c1363	-44.463110563254595	-52.01762381098172	singlet
c1364	-52.673699581343996	-55.816038724084585	singlet
c1365	-67.63681536326855	-70.93699151771571	singlet
c1366	-73.60679808479307	-74.43483042730871	singlet
c1367	-43.59346424228707	-50.43196746469325	singlet
c1368	-50.924432255725186	-55.343255090463224	singlet
c1369	-58.163951053266295	-64.24465148781117	singlet
c1370	-66.60386003172418	-68.47715333066583	singlet
c1371	-50.12766890575725	-54.33867637829188	singlet
c1372	-69.81526574550155	-80.91439534833638	singlet
c1373	-77.30459283196974	-78.9360250500184	singlet
c1374	-50.03931840543181	-54.84829782938767	singlet
c1375	-56.43158721249901	-60.03109157674356	singlet
c1376	-81.78878268917514	-84.64802212749896	singlet
c1377	-81.87956782023198	-82.28339119650252	singlet
c1378	-72.73258011536771	-73.05418310845631	singlet
c1379	-53.15326537019373	-59.833048303653946	singlet
c1380	-65.36243221980783	-67.04273486957943	singlet
c1381	-44.69262975622558	-57.27723185695542	singlet
c1382	-68.36660842486434	-73.08465788979444	singlet
c1383	-63.9437489360986	-69.84371695844945	singlet
c1384	-62.62388726061695	-66.6237417858588	singlet
c1385	-49.585865614483325	-54.39355365173255	singlet
c1386	-71.68314075720546	-68.54975527451602	doublet
c1387	-49.3508487579174	-53.41546603990505	singlet
c1388	-67.46934477944542	-77.14978087579757	singlet
c1389	-59.63482171226423	-65.88761916646231	singlet
c1390	-54.958642958554016	-68.56538207875329	singlet
c1391	-58.47455086043785	-63.14789068119215	singlet
c1392	-70.68066376530126	-72.06195545857831	singlet
c1393	-62.95095922546074	-60.88043999102907	doublet
c1394	-48.675622571117415	-52.92356562926476	singlet
c1395	-79.69505649794768	-82.27618883556993	singlet
c1396	-61.41426175542419	-65.91892640659889	singlet
c1397	-97.04858341736617	-79.20284686650903	doublet
c1398	-73.47232065545128	-76.65736329796462	singlet
c1399	-60.2680258871455	-68.20803130731994	singlet
c1400	-79.52113988794446	-87.90232223350864	singlet
c1401	-68.2989933039936	-83.31222838057484	singlet
c1402	-91.86501293228102	-96.00625029598976	singlet
c1403	-66.26816350964106	-66.81407655456873	singlet
c1404	-79.75191121939224	-81.42560376268831	singlet
c1405	-37.51579688590659	-42.3788355237937	singlet
c1406	-53.26456298323712	-59.31656875826055	singlet
c1407	-85.64275169712015	-84.34653385012	singlet
c1408	-73.72755136705764	-74.14766903299704	singlet
c1409	-42.95612856407313	-47.39435566162199	singlet
c1410	-62.03452157231875	-68.85498923202162	singlet
c1411	-71.41092051291949	-72.48729229844565	singlet
c1412	-54.86981790469691	-59.72323412319879	singlet
c1413	-82.54826079055324	-83.60662293934512	singlet
c1414	-86.48854652439219	-86.57113825952378	singlet
c1415	-62.30519313248447	-63.939812469950155	singlet
c1416	-73.78118017439364	-78.69304828780905	singlet
c1417	-69.40493582306553	-75.73100798249278	singlet
c1418	-66.09499746543278	-64.31678843161389	doublet
c1419	-74.03701463003462	-73.34551323016667	singlet
c1420	-73.76527633338743	-73.45206642220612	singlet
c1421	-72.40035422425653	-76.52575237195141	singlet
c1422	-73.65492548012611	-74.28247702703273	singlet
c1423	-65.57470411995628	-67.49624552629307	singlet
c1424	-54.626322832238685	-70.86581736822065	singlet
c1425	-102.99391936200988	-87.84518350432252	doublet
c1426	-61.34234426960704	-72.18480426334816	singlet
c1427	-64.65369462423956	-69.3347766141121	singlet
c1428	-60.44463250359476	-67.79109812807225	singlet
c1429	-64.8309260275134	-67.05927657762552	singlet
c1430	-76.0028278098227	-76.06895922597342	singlet
c1431	-67.50288955465405	-78.1200821450529	singlet
c1432	-59.62915496779472	-62.37137941713168	singlet
c1433	-56.512614364210464	-56.856019930692675	singlet
c1434	-49.716840837956354	-62.11370880285545	singlet
c1435	-61.39250772915823	-65.9170046229545	singlet
c1436	-67.73842069449515	-69.09212643210493	singlet
c1437	-77.14721877332038	-78.07181972736885	singlet
c1438	-70.82498429618518	-73.55211566923339	singlet
c1439	-69.21061675995269	-79.43288560812438	singlet
c1440	-36.577421806810605	-43.461421007247296	singlet
c1441	-69.71451200060723	-72.9204682492322	singlet
c1442	-66.71895080786244	-72.40663956566581	singlet
c1443	-108.35513066647162	-91.43186311585498	doublet
c1444	-83.4896751592387	-92.31373320052137	singlet
c1445	-75.81125582980732	-79.80941867247641	singlet
c1446	-70.3374110890173	-69.90609270867314	singlet
c1447	-81.98252372582951	-81.42910517005073	singlet
c1448	-54.59480803166594	-59.24131241020756	singlet
c1449	-69.32285793279587	-72.4618531726173	singlet
c1450	-57.8521801152832	-61.583495010153186	singlet
c1451	-52.38197828898352	-60.699509002611485	singlet
c1452	-44.15438388906533	-49.094151938059795	singlet
c1453	-72.89176667853366	-73.29892879506302	singlet
c1454	-63.215151077442535	-75.0483912159977	singlet
c1455	-65.11319928632378	-67.33697756159619	singlet
c1456	-60.832449811210246	-64.12998468638412	singlet
c1457	-75.13362180403685	-77.64119160354318	singlet
c1458	-78.4936772017298	-80.073466959976	singlet
c1459	-70.07373270070356	-73.45236400296761	singlet
c1460	-86.42911717452863	-88.88998020529311	singlet
c1461	-77.85777813005225	-83.1300141647462	singlet
c1462	-75.46577063097662	-74.14819450524325	singlet
c1463	-58.62542022488427	-60.462244258214334	singlet
c1464	-68.12071624736329	-69.87521414529468	singlet
c1465	-71.60985401723698	-75.05392594357042	singlet
c1466	-74.27367281921016	-76.26533992278861	singlet
c1467	-69.56616691548386	-72.34819652339955	singlet
c1468	-73.01228395471558	-75.6258796028999	singlet
c1469	-62.918686773035446	-68.93901178793392	singlet
c1470	-71.56494506732936	-72.7106853146777	singlet
c1471	-87.6430663989522	-88.27331679455799	singlet
c1472	-70.94292422104394	-73.7926233476998	singlet
c1473	-84.27179824698379	-84.44847370235023	singlet
c1474	-71.16843885662294	-76.35106427337253	singlet
c1475	-52.08490316359913	-56.59074566788691	singlet
c1476	-61.26639737942409	-54.530324960050976	doublet
c1477	-70.67718450429317	-72.55144251802137	singlet
c1478	-65.64098975731058	-70.42056619807784	singlet
c1479	-87.312954071571	-88.60138336724073	singlet
c1480	-70.63786895401515	-69.49309587478191	singlet
c1481	-63.39468813096044	-67.50351432281266	singlet
c1482	-62.95540881212949	-68.20526636085079	singlet
c1483	-56.781041377462905	-65.66986038833438	singlet
c1484	-75.99369325963818	-77.71428405925899	singlet
c1485	-70.71906418740251	-73.6106559329945	singlet
c1486	-63.420329162227546	-66.24642822590864	singlet
c1487	-44.86071528637131	-48.613318730982634	singlet
c1488	-62.46716044161564	-65.87802299373874	singlet
c1489	-75.26248406590466	-78.68983458132713	singlet
c1490	-65.34125542910168	-66.70554024758873	singlet
c1491	-56.607804997029945	-68.99807672342544	singlet
c1492	-66.28213991017822	-68.07927395392643	singlet
c1493	-65.16282523432012	-71.5470749274183	singlet
c1494	-82.71390458992398	-85.56385539052349	singlet
c1495	-78.90619166468481	-82.0163579403237	singlet
c1496	-73.94465363511884	-71.85407038639833	doublet
c1497	-67.84425707287168	-73.88633832035643	singlet
c1498	-70.00265907938109	-70.2220125171049	singlet
c1499	-75.26803804192845	-73.86013512758045	doublet
c1500	-54.01953007120785	-79.90033526478848	singlet
c1501	-68.42092986473014	-72.48879236514574	singlet
c1502	-62.47179709906016	-66.83971440480924	singlet
c1503	-49.52599428334347	-56.34704277926691	singlet
c1504	-46.18631974750655	-54.797463802388876	singlet
c1505	-64.53556799360399	-68.55986395872583	singlet
c1506	-80.8480921565645	-86.19161696940179	singlet
c1507	-37.176175330824236	-45.51448474583916	singlet
c1508	-49.81350484362148	-58.7209174938084	singlet
c1509	-74.26365794802058	-74.77370159432508	singlet
c1510	-71.19826201746912	-72.31386525574834	singlet
c1511	-41.63614681373126	-44.65532595543538	singlet
c1512	-58.66038256911129	-61.72703406552152	singlet
c1513	-53.22414857410404	-63.73413483933376	singlet
c1514	-77.52966908976954	-81.02307826724629	singlet
c1515	-46.538601663436104	-57.96998181717422	singlet
c1516	-51.25100074872298	-65.24002531969825	singlet
c1517	-86.37115417251162	-90.09249011648963	singlet
c1518	-53.54860155399323	-60.908124523891566	singlet
c1519	-65.16453714833166	-62.36632259494734	doublet
c1520	-57.054179057367485	-61.498283320506864	singlet
c1521	-79.54322542035881	-77.46542323087158	doublet
c1522	-66.99248134251035	-82.85409595646598	singlet
c1523	-63.786516706276856	-66.31625961212173	singlet
c1524	-60.13418373442373	-65.38424095806936	singlet
c1525	-69.11355841043175	-73.92813899293994	singlet
c1526	-65.76391657136672	-73.1554594420825	singlet
c1527	-51.17012928833208	-55.0569332038004	singlet
c1528	-74.04688137324159	-73.35669209714737	singlet
c1529	-64.55212801911196	-71.3875109300276	singlet
c1530	-73.38970496430144	-77.84989936129791	singlet
c1531	-76.05021229107894	-77.96232255642786	singlet
c1532	-63.643710181785785	-67.96078695333631	singlet
c1533	-72.38702969790499	-92.08451830496367	singlet
c1534	-73.65297398893414	-75.47046030538006	singlet
c1535	-66.48179396540077	-68.0305955681469	singlet
c1536	-88.48303070984531	-87.18979155601241	singlet
c1537	-70.90483958276349	-79.16473316083366	singlet
c1538	-63.71043667967403	-70.22343222739873	singlet
c1539	-69.28094550004025	-67.78497538964118	doublet
c1540	-59.24545228412019	-58.299142906897224	singlet
c1541	-65.41708906798596	-67.98303572308306	singlet
c1542	-81.01354835015276	-84.93744282772549	singlet
c1543	-71.19739256421667	-73.38257033386225	singlet
c1544	-51.247521062077055	-55.27543871631532	singlet
c1545	-59.87392504334959	-62.28704798563915	singlet
c1546	-74.03663652243858	-76.96824724165704	singlet
c1547	-65.71222574892234	-69.90590453487106	singlet
c1548	-63.0959752382085	-70.30255494950109	singlet
c1549	-72.83489306350158	-76.06312270171354	singlet
c1550	-64.03023593915233	-64.64259537566775	singlet
c1551	-56.32953975025987	-61.14182871680831	singlet
c1552	-78.87429470308297	-83.14582110658084	singlet
c1553	-54.65062154293795	-62.56542303805307	singlet
c1554	-53.231259909390374	-54.66669980603498	singlet
c1555	-62.796316212321905	-66.65245770659882	singlet
c1556	-80.70580796479072	-85.70059372650483	singlet
c1557	-54.580968541666564	-59.77412898222919	singlet
c1558	-79.29149094723797	-89.61242252052793	singlet
c1559	-60.76167013863791	-63.834886377052555	singlet
c1560	-60.69965806791315	-69.69173376359588	singlet
c1561	-47.203469351949124	-52.431202085269405	singlet
c1562	-65.27473236193599	-69.88952085912375	singlet
c1563	-47.412445889896844	-57.41181671320603	singlet
c1564	-39.916590209488724	-43.71633490944101	singlet
c1565	-59.057228618167755	-61.16013029462667	singlet
c1566	-63.08266771561318	-70.60033281187633	singlet
c1567	-78.32004413793832	-84.9775910445953	singlet
c1568	-67.42198449010219	-70.75121103077532	singlet
c1569	-76.89348571363902	-77.38509624447406	singlet
c1570	-62.86888129920759	-69.09577482052724	singlet
c1571	-55.09296952723163	-57.31460542943983	singlet
c1572	-50.78226408449639	-54.69402558357383	singlet
c1573	-56.11983588315145	-59.97783158590169	singlet
c1574	-61.64979777821656	-66.43781070566655	singlet
c1575	-53.22078047149215	-60.26808878852676	singlet
c1576	-69.78932420660743	-79.09281378842819	singlet
c1577	-58.89473374062304	-64.6904581129626	singlet
c1578	-56.868305358750106	-63.24159352784627	singlet
c1579	-82.53681539923481	-87.07672463894524	singlet
c1580	-81.50762901099026	-84.77984799490439	singlet
c1581	-71.81202846427865	-71.80394129056604	singlet
c1582	-63.56450135314239	-65.69145026134422	singlet
c1583	-52.46120368134501	-58.92129465815793	singlet
c1584	-55.79778517482985	-58.23950012433616	singlet
c1585	-75.97432251632475	-79.36630779522882	singlet
c1586	-58.510108503741236	-64.99983403123824	singlet
c1587	-66.42728391993471	-71.41088894928296	singlet
c1588	-73.30729848989591	-74.88757475502253	singlet
c1589	-68.33833040774884	-69.45643163744724	singlet
c1590	-70.74942865944486	-98.60581213811155	singlet
c1591	-59.55320512191901	-67.87700834465127	singlet
c1592	-73.9063252115283	-77.43961476117951	singlet
